location_id,latitude,longitude,elevation,slope,built_up,rainfall,road_density,risk_score,risk_level,priority
3353,17.365,78.46,500.0,0.133,88.41159355852928,93.90595639097702,0.9841159355852928,88.9,Very High,1
3761,17.385,78.5,484.0,0.24,89.7880321015056,91.88972444162191,0.9978803210150561,88.37,Very High,2
3449,17.37,78.44,492.0,0.378,87.02180162556202,94.58438383159046,0.9702180162556202,87.9,Very High,3
3553,17.375,78.46,507.0,0.2,88.96425038273274,93.90595639097702,0.9896425038273274,87.67,Very High,4
3657,17.38,78.48,498.0,0.313,89.89932463072887,93.00002243586103,0.9989932463072887,87.26,Very High,5
3665,17.38,78.52,483.0,0.15,88.63503073217655,90.60342545155716,0.9863503073217654,87.17,Very High,6
4457,17.42,78.48,513.0,0.06,87.68571505369063,93.00002243586103,0.9768571505369062,86.37,Very High,7
3961,17.395,78.5,490.0,0.394,89.6012955392134,91.88972444162191,0.996012955392134,86.13,Very High,8
3457,17.37,78.48,501.0,0.389,89.52576269067909,93.00002243586103,0.9952576269067908,86.0,Very High,9
3545,17.375,78.42,513.0,0.229,84.67251265862565,95.01797403480373,0.9467251265862564,85.76,Very High,10
3769,17.385,78.54,473.0,0.185,86.66724961120424,89.17398453065434,0.9666724961120424,85.48,Very High,11
3345,17.365,78.42,511.0,0.3,84.15192346342735,95.01797403480373,0.9415192346342734,85.13,Very High,12
3753,17.385,78.46,507.0,0.525,89.14939233970776,93.90595639097702,0.9914939233970776,84.9,Very High,13
2857,17.34,78.48,520.0,0.052,86.24644146398015,93.00002243586103,0.9624644146398015,84.78,Very High,14
3057,17.35,78.48,517.0,0.188,87.68571505369063,93.00002243586103,0.9768571505369062,84.72,Very High,15
3857,17.39,78.48,509.0,0.449,89.89932463072894,93.00002243586103,0.9989932463072894,84.61,Very High,16
4257,17.41,78.48,512.0,0.34,88.78421896193694,93.00002243586103,0.9878421896193694,84.6,Very High,17
3153,17.355,78.46,510.0,0.421,87.49966009728324,93.90595639097702,0.9749966009728324,84.58,Very High,18
3249,17.36,78.44,506.0,0.515,86.30517272570307,94.58438383159046,0.9630517272570307,84.48,Very High,19
4657,17.43,78.48,513.0,0.206,86.24644146398072,93.00002243586103,0.9624644146398071,84.35,Very High,20
4057,17.4,78.48,507.0,0.492,89.52576269067929,93.00002243586103,0.9952576269067928,84.3,Very High,21
3441,17.37,78.4,504.0,0.352,81.12804071944953,95.19565075102334,0.9112804071944953,84.27,Very High,22
3041,17.35,78.4,514.0,0.126,79.49533357669235,95.19565075102334,0.8949533357669235,84.1,Very High,23
3465,17.37,78.52,491.0,0.373,88.26777448425236,90.60342545155716,0.9826777448425236,83.96,Very High,24
3265,17.36,78.52,495.0,0.276,87.53874794730542,90.60342545155716,0.9753874794730543,83.92,Very High,25
3257,17.36,78.48,513.0,0.438,88.7842189619366,93.00002243586103,0.9878421896193661,83.61,Very High,26
3161,17.355,78.5,513.0,0.275,88.12409091450193,91.88972444162191,0.9812409091450194,83.38,Very High,27
3537,17.375,78.38,515.0,0.058,77.35412779456061,95.11287515155512,0.8735412779456062,83.37,Very High,28
3049,17.35,78.44,511.0,0.54,85.24357700754892,94.58438383159046,0.9524357700754893,83.06,Very High,29
3673,17.38,78.56,475.0,0.123,83.77889048659254,87.63791736654338,0.9377889048659255,82.45,Very High,30
3241,17.36,78.4,517.0,0.332,80.47005572044908,95.19565075102334,0.9047005572044908,82.39,Very High,31
3065,17.35,78.52,495.0,0.389,86.4587866867479,90.60342545155716,0.964587866867479,82.37,Very High,32
3745,17.385,78.42,518.0,0.574,84.8469118484266,95.01797403480373,0.9484691184842661,82.15,Very High,33
4265,17.41,78.52,517.0,0.158,87.53874794730574,90.60342545155716,0.9753874794730574,82.05,Very High,34
2841,17.34,78.4,515.0,0.276,78.21824040635022,95.19565075102334,0.8821824040635022,81.99,Very High,35
4857,17.44,78.48,521.0,0.253,84.48736055656654,93.00002243586103,0.9448736055656655,81.98,Very High,36
3849,17.39,78.44,530.0,0.511,87.38281240854184,94.58438383159046,0.9738281240854184,81.89,Very High,37
4161,17.405,78.5,499.0,0.723,89.0438787485231,91.88972444162191,0.990438787485231,81.76,Very High,38
3169,17.355,78.54,498.0,0.14,85.07274197359848,89.17398453065434,0.9507274197359848,81.75,Very High,39
3937,17.395,78.38,527.0,0.103,77.35412779456072,95.11287515155512,0.8735412779456073,81.39,Very High,40
3369,17.365,78.54,496.0,0.288,85.95414856283267,89.17398453065434,0.9595414856283266,81.16,Very High,41
3361,17.365,78.5,519.0,0.5,89.04387874852284,91.88972444162191,0.9904387874852284,81.07,Very High,42
3865,17.39,78.52,494.0,0.699,88.63503073217662,90.60342545155716,0.9863503073217661,80.89,Very High,43
3561,17.375,78.5,495.0,0.916,89.60129553921325,91.88972444162191,0.9960129553921326,80.87,Very High,44
4753,17.435,78.46,530.0,0.378,84.65690776360344,93.90595639097702,0.9465690776360344,80.86,Very High,45
2849,17.34,78.44,521.0,0.569,83.85266099112012,94.58438383159046,0.9385266099112011,80.77,Very High,46
5057,17.45,78.48,522.0,0.261,82.43369869019524,93.00002243586103,0.9243369869019524,80.73,Very High,47
3841,17.39,78.4,535.0,0.311,81.45950890294715,95.19565075102334,0.9145950890294714,80.7,Very High,48
4953,17.445,78.46,526.0,0.352,82.7674420281707,93.90595639097702,0.927674420281707,80.65,Very High,49
2745,17.335,78.42,533.0,0.305,80.61510138759319,95.01797403480373,0.9061510138759318,80.37,Very High,50
2865,17.34,78.52,507.0,0.359,85.04380790646046,90.60342545155716,0.9504380790646046,80.33,Very High,51
3873,17.39,78.56,477.0,0.343,83.7788904865926,87.63791736654338,0.937788904865926,80.25,Very High,52
2665,17.33,78.52,502.0,0.361,83.31442012737904,90.60342545155716,0.9331442012737903,80.09,Very High,53
2953,17.345,78.46,516.0,0.773,86.241953079553,93.90595639097702,0.96241953079553,80.04,Very High,54
3633,17.38,78.36,510.0,0.232,72.97528931885557,94.77176177495001,0.8297528931885557,79.86,Very High,55
2657,17.33,78.48,519.0,0.527,84.48736055656587,93.00002243586103,0.9448736055656588,79.84,Very High,56
3569,17.375,78.54,487.0,0.604,86.48830526081434,89.17398453065434,0.9648830526081434,79.84,Very High,57
4561,17.425,78.5,524.0,0.439,86.85555141811163,91.88972444162191,0.9685555141811164,79.83,Very High,58
2353,17.315,78.46,533.0,0.219,80.6004052509105,93.90595639097702,0.906004052509105,79.79,Very High,59
3953,17.395,78.46,524.0,0.851,88.96425038273287,93.90595639097702,0.9896425038273287,79.69,Very High,60
4065,17.4,78.52,510.0,0.592,88.26777448425256,90.60342545155716,0.9826777448425255,79.52,Very High,61
4361,17.415,78.5,518.0,0.646,88.12409091450233,91.88972444162191,0.9812409091450233,79.45,Very High,62
3945,17.395,78.42,535.0,0.645,84.67251265862576,95.01797403480373,0.9467251265862577,79.18,Very High,63
2641,17.33,78.4,520.0,0.43,76.65737648930312,95.19565075102334,0.8665737648930312,79.18,Very High,64
2969,17.345,78.54,501.0,0.323,83.8571365595381,89.17398453065434,0.9385713655953811,79.12,Very High,65
3649,17.38,78.44,520.0,0.985,87.38281240854178,94.58438383159046,0.9738281240854177,79.04,Very High,66
4553,17.425,78.46,525.0,0.753,86.24195307955351,93.90595639097702,0.9624195307955351,79.03,Very High,67
4041,17.4,78.4,541.0,0.399,81.12804071944971,95.19565075102334,0.9112804071944971,78.96,Very High,68
4153,17.405,78.46,537.0,0.722,88.41159355852953,93.90595639097702,0.9841159355852953,78.82,Very High,69
3737,17.385,78.38,532.0,0.332,77.51020813317851,95.11287515155512,0.875102081331785,78.79,Very High,70
3977,17.395,78.58,469.0,0.212,80.086026113329,86.0344634604297,0.90086026113329,78.66,Very High,71
2961,17.345,78.5,521.0,0.637,86.85555141811113,91.88972444162191,0.9685555141811113,78.49,Very High,72
2553,17.325,78.46,552.0,0.217,82.76744202816998,93.90595639097702,0.9276744202816998,78.4,Very High,73
2737,17.335,78.38,524.0,0.281,73.72290607949697,95.11287515155512,0.8372290607949695,78.37,Very High,74
2945,17.345,78.42,559.0,0.258,82.1081752613712,95.01797403480373,0.921081752613712,78.11,Very High,75
4273,17.41,78.56,489.0,0.355,82.75490621099398,87.63791736654338,0.9275490621099398,78.03,Very High,76
3777,17.385,78.58,472.0,0.256,80.24894474204471,86.0344634604297,0.902489447420447,77.96,Very High,77
4073,17.4,78.56,487.0,0.438,83.43585433918663,87.63791736654338,0.9343585433918664,77.91,Very High,78
2649,17.33,78.44,531.0,0.648,82.15268273416562,94.58438383159046,0.9215268273416563,77.88,Very High,79
3969,17.395,78.54,490.0,0.793,86.48830526081447,89.17398453065434,0.9648830526081447,77.78,Very High,80
4465,17.42,78.52,516.0,0.621,86.4587866867479,90.60342545155716,0.964587866867479,77.55,Very High,81
2345,17.315,78.42,551.0,0.133,76.79397535436993,95.01797403480373,0.8679397535436992,77.55,Very High,82
5249,17.46,78.44,546.0,0.215,77.92659406869286,94.58438383159046,0.8792659406869286,77.55,Very High,83
3473,17.37,78.56,481.0,0.573,83.43585433918645,87.63791736654338,0.9343585433918645,77.52,Very High,84
4169,17.405,78.54,502.0,0.619,85.95414856283293,89.17398453065434,0.9595414856283293,77.46,Very High,85
2561,17.325,78.5,539.0,0.281,83.3511148226312,91.88972444162191,0.9335111482263121,77.45,Very High,86
5257,17.46,78.48,530.0,0.401,80.11434469353298,93.00002243586103,0.9011434469353299,77.26,Very High,87
5153,17.455,78.46,536.0,0.471,80.60040525091131,93.90595639097702,0.9060040525091131,77.18,Very High,88
3641,17.38,78.4,529.0,0.805,81.45950890294708,95.19565075102334,0.9145950890294708,77.14,Very High,89
4761,17.435,78.5,533.0,0.527,85.25685429826844,91.88972444162191,0.9525685429826843,77.05,Very High,90
3137,17.355,78.38,531.0,0.472,76.11943333942814,95.11287515155512,0.8611943333942814,76.98,Very High,91
4353,17.415,78.46,525.0,1.07,87.49966009728362,93.90595639097702,0.9749966009728361,76.88,Very High,92
2761,17.335,78.5,536.0,0.505,85.25685429826781,91.88972444162191,0.952568542982678,76.85,Very High,93
4849,17.44,78.44,544.0,0.593,82.15268273416628,94.58438383159046,0.9215268273416628,76.65,Very High,94
5449,17.47,78.44,542.0,0.236,75.45920702302587,94.58438383159046,0.8545920702302587,76.64,Very High,95
5353,17.465,78.46,541.0,0.32,78.18594413790117,93.90595639097702,0.8818594413790117,76.61,Very High,96
2937,17.345,78.38,534.0,0.449,75.05914781357126,95.11287515155512,0.8505914781357125,76.25,Very High,97
3337,17.365,78.38,534.0,0.559,76.88822116987907,95.11287515155512,0.8688822116987908,76.21,Very High,98
2361,17.315,78.5,538.0,0.314,81.16541361930474,91.88972444162191,0.9116541361930475,76.18,Very High,99
5049,17.45,78.44,546.0,0.515,80.16802102517211,94.58438383159046,0.9016802102517212,76.06,Very High,100
4369,17.415,78.54,510.0,0.608,85.07274197359887,89.17398453065434,0.9507274197359886,76.04,Very High,101
3881,17.39,78.6,467.0,0.102,76.03655051710209,84.40458373703939,0.860365505171021,75.88,Very High,102
2545,17.325,78.42,548.0,0.498,78.8352709331671,95.01797403480373,0.8883527093316709,75.78,Very High,103
3273,17.36,78.56,497.0,0.519,82.75490621099368,87.63791736654338,0.9275490621099368,75.53,Very High,104
5553,17.475,78.46,547.0,0.215,75.55680641670327,93.90595639097702,0.8555680641670327,75.4,Very High,105
2433,17.32,78.36,533.0,0.081,67.19657467779908,94.77176177495001,0.7719657467779908,75.2,Very High,106
5545,17.475,78.42,546.0,0.21,72.04302875783188,95.01797403480373,0.8204302875783188,75.11,Very High,107
2145,17.305,78.42,551.0,0.298,74.51961211010678,95.01797403480373,0.8451961211010678,74.94,High,108
2161,17.305,78.5,537.0,0.33,78.73015704430316,91.88972444162191,0.8873015704430316,74.92,High,109
4473,17.42,78.56,496.0,0.553,81.74616707513574,87.63791736654338,0.9174616707513574,74.85,High,110
3145,17.355,78.42,523.0,1.239,83.29290447393291,95.01797403480373,0.932929044739329,74.84,High,111
2257,17.31,78.48,548.0,0.413,80.1143446935321,93.00002243586103,0.9011434469353211,74.77,High,112
3577,17.375,78.58,478.0,0.519,80.08602611332888,86.0344634604297,0.9008602611332888,74.77,High,113
2465,17.32,78.52,516.0,0.644,81.29542388957161,90.60342545155716,0.9129542388957161,74.71,High,114
2753,17.335,78.46,540.0,0.931,84.65690776360282,93.90595639097702,0.9465690776360282,74.67,High,115
5345,17.465,78.42,549.0,0.363,74.51961211010762,95.01797403480373,0.8451961211010761,74.63,High,116
3073,17.35,78.56,501.0,0.505,81.74616707513574,87.63791736654338,0.9174616707513574,74.61,High,117
2633,17.33,78.36,533.0,0.254,68.78619703358115,94.77176177495001,0.7878619703358114,74.49,High,118
4769,17.435,78.54,526.0,0.391,82.32515046067975,89.17398453065434,0.9232515046067975,74.44,High,119
4569,17.425,78.54,522.0,0.541,83.8571365595386,89.17398453065434,0.938571365595386,74.43,High,120
2769,17.335,78.54,510.0,0.645,82.32515046067914,89.17398453065434,0.9232515046067915,74.32,High,121
5753,17.485,78.46,549.0,0.149,72.74760481843384,93.90595639097702,0.8274760481843385,74.28,High,122
2457,17.32,78.48,540.0,0.748,82.43369869019446,93.00002243586103,0.9243369869019445,74.06,High,123
4033,17.4,78.36,541.0,0.409,72.68613635706768,94.77176177495001,0.8268613635706769,74.05,High,124
3729,17.385,78.34,523.0,0.361,68.15190114297663,94.18102451020036,0.7815190114297663,73.84,High,125
3785,17.385,78.62,453.0,0.075,71.44043721706993,82.78991418004858,0.8144043721706992,73.7,High,126
5457,17.47,78.48,536.0,0.582,77.56117471887116,93.00002243586103,0.8756117471887116,73.57,High,127
4961,17.445,78.5,538.0,0.738,83.35111482263194,91.88972444162191,0.9335111482263194,73.56,High,128
4177,17.405,78.58,477.0,0.674,79.59970689417004,86.0344634604297,0.8959970689417004,73.29,High,129
2369,17.315,78.54,526.0,0.305,78.40443892209092,89.17398453065434,0.8840443892209091,73.19,High,130
2265,17.31,78.52,526.0,0.555,79.01522038086121,90.60342545155716,0.890152203808612,73.01,High,131
2049,17.3,78.44,565.0,0.311,75.45920702302496,94.58438383159046,0.8545920702302495,72.93,High,132
5041,17.45,78.4,561.0,0.424,74.83512562436398,95.19565075102334,0.8483512562436398,72.88,High,133
4745,17.435,78.42,562.0,0.723,80.61510138759377,95.01797403480373,0.9061510138759377,72.85,High,134
2449,17.32,78.44,546.0,0.88,80.16802102517137,94.58438383159046,0.9016802102517136,72.84,High,135
4945,17.445,78.42,582.0,0.359,78.83527093316776,95.01797403480373,0.8883527093316776,72.5,High,136
4969,17.445,78.54,522.0,0.568,80.49893438229712,89.17398453065434,0.9049893438229712,72.47,High,137
2249,17.31,78.44,565.0,0.513,77.92659406869203,94.58438383159046,0.8792659406869203,72.42,High,138
2233,17.31,78.36,533.0,0.303,65.40129521897501,94.77176177495001,0.7540129521897501,72.33,High,139
2569,17.325,78.54,524.0,0.559,80.49893438229643,89.17398453065434,0.9049893438229641,72.29,High,140
5241,17.46,78.4,561.0,0.372,72.7771213853375,95.19565075102334,0.8277712138533749,72.29,High,141
1753,17.285,78.46,563.0,0.181,72.74760481843282,93.90595639097702,0.8274760481843283,72.15,High,142
3033,17.35,78.36,551.0,0.396,71.26186057566595,94.77176177495001,0.8126186057566596,72.12,High,143
4049,17.4,78.44,539.0,1.471,87.0218016255622,94.58438383159046,0.9702180162556221,72.07,High,144
2833,17.34,78.36,539.0,0.52,70.14780109403719,94.77176177495001,0.801478010940372,72.05,High,145
5561,17.475,78.5,547.0,0.373,76.07837487741324,91.88972444162191,0.8607837487741326,71.87,High,146
5849,17.49,78.44,568.0,0.081,69.97996650615161,94.58438383159046,0.7997996650615161,71.77,High,147
3281,17.36,78.6,492.0,0.159,75.12783466658259,84.40458373703939,0.8512783466658258,71.61,High,148
5953,17.495,78.46,551.0,0.258,69.79406436259336,93.90595639097702,0.7979406436259335,71.55,High,149
5745,17.485,78.42,552.0,0.374,69.3968296426746,95.01797403480373,0.793968296426746,71.52,High,150
3833,17.39,78.36,536.0,0.798,72.97528931885563,94.77176177495001,0.8297528931885563,71.44,High,151
1961,17.295,78.5,545.0,0.456,76.07837487741324,91.88972444162191,0.8607837487741326,71.4,High,152
4145,17.405,78.42,543.0,1.384,84.1519234634276,95.01797403480373,0.941519234634276,71.35,High,153
4665,17.43,78.52,541.0,0.877,85.04380790646103,90.60342545155716,0.9504380790646102,71.27,High,154
1945,17.295,78.42,559.0,0.463,72.04302875783188,95.01797403480373,0.8204302875783188,71.16,High,155
5361,17.465,78.5,561.0,0.412,78.73015704430406,91.88972444162191,0.8873015704430406,71.03,High,156
4673,17.43,78.56,509.0,0.731,80.42450441535937,87.63791736654338,0.9042450441535937,70.89,High,157
5657,17.48,78.48,552.0,0.489,74.80832549176105,93.00002243586103,0.8480832549176105,70.86,High,158
2033,17.3,78.36,533.0,0.369,63.42503216599002,94.77176177495001,0.7342503216599001,70.74,High,159
5465,17.47,78.52,562.0,0.131,76.50514768694137,90.60342545155716,0.8650514768694136,70.7,High,160
2057,17.3,78.48,556.0,0.611,77.5611747188702,93.00002243586103,0.875611747188702,70.67,High,161
3129,17.355,78.34,558.0,0.13,66.96933710172323,94.18102451020036,0.7696933710172322,70.64,High,162
6049,17.5,78.44,555.0,0.234,67.03772173305211,94.58438383159046,0.7703772173305211,70.64,High,163
5761,17.485,78.5,551.0,0.295,73.24497796502254,91.88972444162191,0.8324497796502255,70.58,High,164
2441,17.32,78.4,530.0,1.159,74.83512562436329,95.19565075102334,0.848351256243633,70.51,High,165
2537,17.325,78.38,529.0,1.009,72.13002861070662,95.11287515155512,0.8213002861070662,70.48,High,166
5441,17.47,78.4,565.0,0.391,70.51164805165459,95.19565075102334,0.8051164805165459,70.43,High,167
5145,17.455,78.42,556.0,0.873,76.7939753543707,95.01797403480373,0.867939753543707,70.38,High,168
2529,17.325,78.34,538.0,0.268,63.57718001101945,94.18102451020036,0.7357718001101945,70.34,High,169
4233,17.41,78.36,549.0,0.679,72.11214970994668,94.77176177495001,0.8211214970994667,70.33,High,170
3433,17.37,78.36,527.0,1.046,72.68613635706753,94.77176177495001,0.8268613635706753,70.3,High,171
1953,17.295,78.46,570.0,0.451,75.55680641670327,93.90595639097702,0.8555680641670327,70.28,High,172
2153,17.305,78.46,546.0,0.968,78.18594413790026,93.90595639097702,0.8818594413790026,70.25,High,173
4649,17.43,78.44,546.0,1.39,83.85266099112066,94.58438383159046,0.9385266099112066,70.23,High,174
5161,17.455,78.5,542.0,0.933,81.16541361930557,91.88972444162191,0.9116541361930557,70.2,High,175
4081,17.4,78.6,472.0,0.663,75.73212945139127,84.40458373703939,0.8573212945139127,70.13,High,176
3233,17.36,78.36,550.0,0.691,72.11214970994641,94.77176177495001,0.8211214970994641,70.09,High,177
5649,17.48,78.44,555.0,0.669,72.79884966763844,94.58438383159046,0.8279884966763844,69.75,High,178
3529,17.375,78.34,524.0,0.811,68.01918735148027,94.18102451020036,0.7801918735148028,69.68,High,179
3681,17.38,78.6,469.0,0.78,76.03655051710204,84.40458373703939,0.8603655051710204,69.65,High,180
2929,17.345,78.34,548.0,0.341,66.06778528903997,94.18102451020036,0.7606778528903997,69.64,High,181
4377,17.415,78.58,495.0,0.774,78.7972364470941,86.0344634604297,0.8879723644709409,69.62,High,182
2473,17.32,78.56,542.0,0.181,76.92332174135427,87.63791736654338,0.8692332174135426,69.58,High,183
2273,17.31,78.56,539.0,0.104,74.7934948661112,87.63791736654338,0.8479349486611121,69.56,High,184
3377,17.365,78.58,492.0,0.878,79.59970689416981,86.0344634604297,0.8959970689416982,69.51,High,185
3025,17.35,78.32,545.0,0.065,61.62984904569373,93.35575399666972,0.7162984904569373,69.22,High,186
2873,17.34,78.56,515.0,0.832,80.42450441535885,87.63791736654338,0.9042450441535885,69.2,High,187
5857,17.49,78.48,555.0,0.466,71.89143903787988,93.00002243586103,0.8189143903787988,69.18,High,188
2729,17.335,78.34,545.0,0.373,64.93159024708268,94.18102451020036,0.7493159024708267,69.18,High,189
5169,17.455,78.54,531.0,0.696,78.4044389220917,89.17398453065434,0.884044389220917,69.09,High,190
4137,17.405,78.38,536.0,1.338,76.8882211698793,95.11287515155512,0.868882211698793,69.09,High,191
1929,17.295,78.34,536.0,0.144,58.40843918786012,94.18102451020036,0.6840843918786012,69.06,High,192
2977,17.345,78.58,517.0,0.446,77.69049702398972,86.0344634604297,0.8769049702398972,69.03,High,193
4737,17.435,78.38,587.0,0.396,73.72290607949748,95.11287515155512,0.8372290607949748,69.02,High,194
4937,17.445,78.38,575.0,0.502,72.13002861070723,95.11287515155512,0.8213002861070722,68.86,High,195
4329,17.415,78.34,567.0,0.219,66.96933710172351,94.18102451020036,0.769693371017235,68.66,High,196
5641,17.48,78.4,561.0,0.52,68.06899574978678,95.19565075102334,0.7806899574978678,68.58,High,197
2329,17.315,78.34,542.0,0.317,62.02380080016368,94.18102451020036,0.7202380080016367,68.58,High,198
2777,17.335,78.58,529.0,0.239,76.29571102547135,86.0344634604297,0.8629571102547134,68.55,High,199
1833,17.29,78.36,544.0,0.332,61.29420880837295,94.77176177495001,0.7129420880837295,68.52,High,200
3177,17.355,78.58,512.0,0.644,78.79723644709375,86.0344634604297,0.8879723644709374,68.51,High,201
3625,17.38,78.32,533.0,0.409,63.04993936670316,93.35575399666972,0.7304993936670315,68.5,High,202
4537,17.425,78.38,590.0,0.49,75.05914781357167,95.11287515155512,0.8505914781357167,68.48,High,203
2129,17.305,78.34,533.0,0.371,60.29306243073327,94.18102451020036,0.7029306243073327,68.42,High,204
1849,17.29,78.44,577.0,0.492,72.79884966763746,94.58438383159046,0.8279884966763746,68.4,High,205
4841,17.44,78.4,577.0,0.807,76.65737648930372,95.19565075102334,0.8665737648930372,68.32,High,206
5665,17.48,78.52,566.0,0.192,73.7987663084885,90.60342545155716,0.8379876630848849,68.25,High,207
6153,17.505,78.46,559.0,0.339,66.73227562796757,93.90595639097702,0.7673227562796756,68.22,High,208
2169,17.305,78.54,530.0,0.676,76.07080162847836,89.17398453065434,0.8607080162847838,68.21,High,209
4977,17.445,78.58,522.0,0.297,74.63304540579402,86.0344634604297,0.8463304540579402,68.12,High,210
4777,17.435,78.58,523.0,0.393,76.29571102547189,86.0344634604297,0.8629571102547189,67.99,High,211
4577,17.425,78.58,507.0,0.721,77.69049702399016,86.0344634604297,0.8769049702399017,67.93,High,212
1641,17.28,78.4,580.0,0.161,65.48079028590013,95.19565075102334,0.7548079028590013,67.91,High,213
3225,17.36,78.32,553.0,0.14,62.334568967342406,93.35575399666972,0.723345689673424,67.86,High,214
4481,17.42,78.6,501.0,0.401,74.23264783252958,84.40458373703939,0.8423264783252958,67.83,High,215
2073,17.3,78.56,538.0,0.183,72.4489583973687,87.63791736654338,0.824489583973687,67.8,High,216
3081,17.35,78.6,501.0,0.408,74.23264783252958,84.40458373703939,0.8423264783252958,67.77,High,217
1937,17.295,78.38,547.0,0.695,66.05124200676141,95.11287515155512,0.7605124200676141,67.76,High,218
1745,17.285,78.42,566.0,0.592,69.39682964267365,95.01797403480373,0.7939682964267365,67.75,High,219
3689,17.38,78.64,460.0,0.15,66.46226772145707,81.23170222284651,0.7646226772145706,67.71,High,220
2577,17.325,78.58,521.0,0.361,74.63304540579338,86.0344634604297,0.8463304540579338,67.69,High,221
1633,17.28,78.36,543.0,0.311,59.0364136025049,94.77176177495001,0.690364136025049,67.68,High,222
1857,17.29,78.48,570.0,0.59,74.80832549176003,93.00002243586103,0.8480832549176004,67.59,High,223
2065,17.3,78.52,537.0,0.875,76.50514768694043,90.60342545155716,0.8650514768694043,67.46,High,224
3481,17.37,78.6,497.0,0.592,75.7321294513911,84.40458373703939,0.857321294513911,67.44,High,225
5369,17.465,78.54,543.0,0.576,76.07080162847924,89.17398453065434,0.8607080162847924,67.37,High,226
2337,17.315,78.38,563.0,0.747,70.30315025466913,95.11287515155512,0.8030315025466914,67.36,High,227
2673,17.33,78.56,532.0,0.703,78.80916764584057,87.63791736654338,0.8880916764584057,67.27,High,228
4873,17.44,78.56,524.0,0.824,78.8091676458412,87.63791736654338,0.8880916764584119,67.26,High,229
6057,17.5,78.48,570.0,0.303,68.84690209505393,93.00002243586103,0.7884690209505394,67.08,High,230
4545,17.425,78.42,601.0,0.885,82.10817526137168,95.01797403480373,0.9210817526137168,67.03,High,231
2137,17.305,78.38,557.0,0.767,68.26768560767282,95.11287515155512,0.7826768560767282,66.94,High,232
4681,17.43,78.6,507.0,0.363,73.05976282189201,84.40458373703939,0.83059762821892,66.77,High,233
5137,17.455,78.38,578.0,0.594,70.30315025466983,95.11287515155512,0.8030315025466983,66.72,High,234
3185,17.355,78.62,492.0,0.221,70.18470731672284,82.78991418004858,0.8018470731672285,66.61,High,235
1665,17.28,78.52,556.0,0.363,70.93111663697505,90.60342545155716,0.8093111663697505,66.6,High,236
5537,17.475,78.38,573.0,0.443,66.05124200676141,95.11287515155512,0.7605124200676141,66.54,High,237
5065,17.45,78.52,597.0,0.358,81.29542388957238,90.60342545155716,0.9129542388957238,66.52,High,238
5961,17.495,78.5,556.0,0.509,70.26599902191116,91.88972444162191,0.8026599902191116,66.51,High,239
1865,17.29,78.52,560.0,0.489,73.7987663084875,90.60342545155716,0.837987663084875,66.43,High,240
3425,17.37,78.32,541.0,0.516,62.810289294321386,93.35575399666972,0.7281028929432138,66.38,High,241
4281,17.41,78.6,492.0,0.754,75.12783466658286,84.40458373703939,0.8512783466658285,66.37,High,242
6257,17.51,78.48,566.0,0.265,65.71110263650472,93.00002243586103,0.7571110263650472,66.34,High,243
5337,17.465,78.38,580.0,0.489,68.26768560767357,95.11287515155512,0.7826768560767358,66.34,High,244
2881,17.34,78.6,502.0,0.488,73.05976282189155,84.40458373703939,0.8305976282189155,66.33,High,245
6345,17.515,78.42,571.0,0.192,60.77810287087459,95.01797403480373,0.7077810287087459,66.21,High,246
1841,17.29,78.4,583.0,0.462,68.0689957497859,95.19565075102334,0.7806899574978589,66.18,High,247
1761,17.285,78.5,553.0,0.775,73.24497796502152,91.88972444162191,0.8324497796502152,66.09,High,248
4249,17.41,78.44,587.0,1.392,86.30517272570339,94.58438383159046,0.9630517272570339,66.05,High,249
1649,17.28,78.44,584.0,0.493,69.97996650615059,94.58438383159046,0.7997996650615058,66.02,High,250
5945,17.495,78.42,560.0,0.717,66.61466685818772,95.01797403480373,0.7661466685818771,66.02,High,251
1729,17.285,78.34,536.0,0.388,56.39474223188381,94.18102451020036,0.6639474223188381,65.88,High,252
4225,17.41,78.32,546.0,0.473,62.33456896734262,93.35575399666972,0.7233456896734262,65.86,High,253
1657,17.28,78.48,577.0,0.521,71.89143903787883,93.00002243586103,0.8189143903787882,65.79,High,254
3521,17.375,78.3,541.0,0.155,57.83167391087289,92.3170321271748,0.6783167391087288,65.78,High,255
6353,17.515,78.46,564.0,0.367,63.5979754939795,93.90595639097702,0.7359797549397951,65.71,High,256
2481,17.32,78.6,508.0,0.288,69.95270320462218,84.40458373703939,0.7995270320462218,65.71,High,257
1969,17.295,78.54,552.0,0.486,73.52967400245527,89.17398453065434,0.8352967400245527,65.67,High,258
3929,17.395,78.34,533.0,1.14,68.01918735148038,94.18102451020036,0.7801918735148038,65.59,High,259
5473,17.47,78.56,555.0,0.18,72.44895839736958,87.63791736654338,0.8244895839736958,65.58,High,260
2041,17.3,78.4,597.0,0.465,70.51164805165376,95.19565075102334,0.8051164805165376,65.55,High,261
2985,17.345,78.62,490.0,0.318,69.22737601930022,82.78991418004858,0.7922737601930022,65.53,High,262
6145,17.505,78.42,579.0,0.326,63.73053684581819,95.01797403480373,0.737305368458182,65.48,High,263
5569,17.475,78.54,553.0,0.497,73.52967400245527,89.17398453065434,0.8352967400245527,65.44,High,264
1673,17.28,78.56,528.0,0.304,67.2425278799586,87.63791736654338,0.772425278799586,65.4,High,265
5273,17.46,78.56,553.0,0.369,74.79349486611201,87.63791736654338,0.8479349486611201,65.38,High,266
1777,17.285,78.58,522.0,0.098,65.81592925968688,86.0344634604297,0.7581592925968688,65.37,High,267
5865,17.49,78.52,568.0,0.323,70.9311166369761,90.60342545155716,0.809311166369761,65.37,High,268
3721,17.385,78.3,541.0,0.209,57.93888705624164,92.3170321271748,0.6793888705624164,65.36,High,269
1465,17.27,78.52,550.0,0.435,67.93797120535041,90.60342545155716,0.7793797120535041,65.24,High,270
3385,17.365,78.62,494.0,0.393,70.87884548349025,82.78991418004858,0.8087884548349026,65.19,High,271
2681,17.33,78.6,513.0,0.371,71.62626217020461,84.40458373703939,0.8162626217020461,65.18,High,272
1769,17.285,78.54,548.0,0.445,70.8145101177793,89.17398453065434,0.8081451011777931,65.17,High,273
1329,17.265,78.34,545.0,0.085,52.08282311312235,94.18102451020036,0.6208282311312234,65.15,High,274
1569,17.275,78.54,541.0,0.391,67.95983910286714,89.17398453065434,0.7795983910286715,65.12,High,275
5265,17.46,78.52,562.0,0.922,79.01522038086205,90.60342545155716,0.8901522038086205,65.02,High,276
3329,17.365,78.34,553.0,0.882,67.62303089005607,94.18102451020036,0.7762303089005607,65.01,High,277
5769,17.485,78.54,562.0,0.254,70.8145101177803,89.17398453065434,0.808145101177803,65.0,High,278
4449,17.42,78.44,590.0,1.411,85.24357700754892,94.58438383159046,0.9524357700754893,64.94,High,279
2825,17.34,78.32,555.0,0.349,60.7065161710831,93.35575399666972,0.707065161710831,64.93,High,280
1337,17.265,78.38,556.0,0.456,58.61189235229121,95.11287515155512,0.6861189235229121,64.88,High,281
6041,17.5,78.4,572.0,0.472,62.779318262559514,95.19565075102334,0.7277931826255952,64.85,High,282
1137,17.255,78.38,558.0,0.279,55.96958136975704,95.11287515155512,0.6596958136975704,64.82,High,283
2377,17.315,78.58,527.0,0.491,72.72612670461797,86.0344634604297,0.8272612670461796,64.78,High,284
5073,17.45,78.56,541.0,0.746,76.92332174135498,87.63791736654338,0.8692332174135498,64.74,High,285
4185,17.405,78.62,492.0,0.481,70.87884548349047,82.78991418004858,0.8087884548349046,64.68,High,286
2425,17.32,78.32,547.0,0.361,58.260538720625874,93.35575399666972,0.6826053872062587,64.63,High,287
4385,17.415,78.62,496.0,0.388,70.18470731672313,82.78991418004858,0.8018470731672314,64.61,High,288
5841,17.49,78.4,577.0,0.591,65.48079028590107,95.19565075102334,0.7548079028590107,64.52,High,289
1737,17.285,78.38,556.0,0.802,63.68299904407557,95.11287515155512,0.7368299904407557,64.42,High,290
6553,17.525,78.46,573.0,0.195,60.42587486004168,93.90595639097702,0.7042587486004168,64.41,High,291
1873,17.29,78.56,537.0,0.44,69.92105956181857,87.63791736654338,0.7992105956181857,64.38,High,292
3089,17.35,78.64,476.0,0.21,64.9413278565656,81.23170222284651,0.7494132785656559,64.29,High,293
4025,17.4,78.32,577.0,0.213,62.810289294321514,93.35575399666972,0.7281028929432152,64.29,High,294
4433,17.42,78.36,567.0,1.048,71.26186057566595,94.77176177495001,0.8126186057566596,64.26,High,295
1537,17.275,78.38,571.0,0.452,61.193074004926125,95.11287515155512,0.7119307400492613,64.25,High,296
1529,17.275,78.34,551.0,0.234,54.277580035713655,94.18102451020036,0.6427758003571366,64.17,High,297
3889,17.39,78.64,468.0,0.433,66.46226772145711,81.23170222284651,0.7646226772145711,64.16,High,298
4865,17.44,78.52,550.0,1.449,83.3144201273797,90.60342545155716,0.9331442012737969,64.16,High,299
1441,17.27,78.4,580.0,0.433,62.77931826255854,95.19565075102334,0.7277931826255855,64.13,High,300
1553,17.275,78.46,576.0,0.726,69.79406436259228,93.90595639097702,0.7979406436259228,64.12,High,301
4633,17.43,78.36,589.0,0.669,70.14780109403765,94.77176177495001,0.8014780109403764,64.12,High,302
2177,17.305,78.58,531.0,0.388,70.60148299853253,86.0344634604297,0.8060148299853253,64.07,High,303
4345,17.415,78.42,588.0,1.492,83.29290447393326,95.01797403480373,0.9329290447393327,64.01,High,304
1057,17.25,78.48,587.0,0.037,62.51972431266013,93.00002243586103,0.7251972431266013,63.94,High,305
2625,17.33,78.32,557.0,0.367,59.57801826594039,93.35575399666972,0.6957801826594039,63.93,High,306
2281,17.31,78.6,511.0,0.358,68.06262785237737,84.40458373703939,0.7806262785237736,63.74,High,307
1977,17.295,78.58,525.0,0.382,68.28793117461902,86.0344634604297,0.7828793117461902,63.73,High,308
6449,17.52,78.44,579.0,0.305,60.92312824697777,94.58438383159046,0.7092312824697777,63.72,High,309
1625,17.28,78.32,540.0,0.18,51.49739446559766,93.35575399666972,0.6149739446559765,63.7,High,310
1577,17.275,78.58,522.0,0.152,63.21691405651937,86.0344634604297,0.7321691405651938,63.57,High,311
3321,17.365,78.3,541.0,0.396,57.511637991406204,92.3170321271748,0.675116379914062,63.49,High,312
4881,17.44,78.6,515.0,0.542,71.62626217020517,84.40458373703939,0.8162626217020517,63.41,High,313
3793,17.385,78.66,459.0,0.173,61.384338667380575,79.76975306497205,0.7138433866738058,63.3,High,314
2785,17.335,78.62,500.0,0.354,68.02088399261925,82.78991418004858,0.7802088399261924,63.28,High,315
4089,17.4,78.64,476.0,0.399,66.20559859040469,81.23170222284651,0.7620559859040469,63.27,High,316
4129,17.405,78.34,565.0,0.903,67.62303089005624,94.18102451020036,0.7762303089005624,63.24,High,317
4833,17.44,78.36,593.0,0.636,68.78619703358166,94.77176177495001,0.7878619703358166,63.19,High,318
6249,17.51,78.44,573.0,0.644,64.00728073671429,94.58438383159046,0.740072807367143,63.1,High,319
2585,17.325,78.62,500.0,0.293,66.5826756830227,82.78991418004858,0.765826756830227,63.08,High,320
5233,17.46,78.36,597.0,0.393,65.40129521897569,94.77176177495001,0.7540129521897568,63.07,High,321
5081,17.45,78.6,528.0,0.295,69.95270320462282,84.40458373703939,0.7995270320462282,63.01,High,322
5969,17.495,78.54,559.0,0.361,67.95983910286819,89.17398453065434,0.7795983910286818,63.0,High,323
4929,17.445,78.34,598.0,0.202,63.57718001101997,94.18102451020036,0.7357718001101996,62.98,High,324
5433,17.47,78.36,599.0,0.264,63.42503216599075,94.77176177495001,0.7342503216599074,62.93,High,325
4393,17.415,78.66,452.0,0.281,60.35234451842624,79.76975306497205,0.7035234451842625,62.75,High,326
2921,17.345,78.3,556.0,0.182,56.255229212591125,92.3170321271748,0.6625522921259113,62.75,High,327
3993,17.395,78.66,452.0,0.351,61.268522651053416,79.76975306497205,0.7126852265105341,62.6,High,328
2081,17.3,78.6,509.0,0.403,65.98201245423445,84.40458373703939,0.7598201245423446,62.54,High,329
5873,17.49,78.56,544.0,0.392,67.24252787995957,87.63791736654338,0.7724252787995958,62.51,High,330
1825,17.29,78.32,541.0,0.41,53.368655894716724,93.35575399666972,0.6336865589471672,62.49,High,331
4289,17.41,78.64,469.0,0.568,65.69609437145678,81.23170222284651,0.7569609437145678,62.45,High,332
1561,17.275,78.5,574.0,0.7,70.26599902191009,91.88972444162191,0.8026599902191008,62.45,High,333
1049,17.25,78.44,602.0,0.113,60.923128246976674,94.58438383159046,0.7092312824697667,62.36,High,334
1257,17.26,78.48,605.0,0.138,65.71110263650472,93.00002243586103,0.7571110263650472,62.3,High,335
5033,17.45,78.36,611.0,0.378,67.19657467779967,94.77176177495001,0.7719657467779968,62.27,High,336
6457,17.52,78.48,576.0,0.393,62.51972431266127,93.00002243586103,0.7251972431266127,62.26,High,337
4641,17.43,78.4,592.0,1.367,78.21824040635073,95.19565075102334,0.8821824040635073,62.21,High,338
4489,17.42,78.64,467.0,0.583,64.9413278565656,81.23170222284651,0.7494132785656559,62.19,High,339
3921,17.395,78.3,549.0,0.442,57.83167391087296,92.3170321271748,0.6783167391087296,62.19,High,340
3985,17.395,78.62,478.0,1.004,71.29951235350512,82.78991418004858,0.8129951235350512,62.14,High,341
2385,17.315,78.62,506.0,0.217,64.93318808353365,82.78991418004858,0.7493318808353365,62.11,High,342
2185,17.305,78.62,499.0,0.217,63.09536802106317,82.78991418004858,0.7309536802106318,62.1,High,343
2689,17.33,78.64,488.0,0.152,62.74378367027754,81.23170222284651,0.7274378367027754,62.09,High,344
5833,17.49,78.36,579.0,0.409,59.03641360250571,94.77176177495001,0.6903641360250572,62.06,High,345
4121,17.405,78.3,557.0,0.323,57.51163799140635,92.3170321271748,0.6751163799140635,62.02,High,346
4337,17.415,78.38,579.0,1.455,76.11943333942845,95.11287515155512,0.8611943333942845,61.98,High,347
1353,17.265,78.46,591.0,0.569,66.73227562796646,93.90595639097702,0.7673227562796645,61.96,High,348
1153,17.255,78.46,598.0,0.285,63.597975493978375,93.90595639097702,0.7359797549397837,61.93,High,349
937,17.245,78.38,566.0,0.335,53.29540340834636,95.11287515155512,0.6329540340834636,61.91,High,350
1249,17.26,78.44,608.0,0.254,64.00728073671429,94.58438383159046,0.740072807367143,61.9,High,351
1433,17.27,78.36,550.0,0.726,56.67981144390727,94.77176177495001,0.6667981144390727,61.9,High,352
1129,17.255,78.34,549.0,0.279,49.836088438468245,94.18102451020036,0.5983608843846824,61.77,High,353
1449,17.27,78.44,596.0,0.632,67.03772173305104,94.58438383159046,0.7703772173305105,61.71,High,354
2225,17.31,78.32,562.0,0.382,56.772610498856245,93.35575399666972,0.6677261049885624,61.7,High,355
5673,17.48,78.56,560.0,0.4,69.9210595618195,87.63791736654338,0.7992105956181951,61.69,High,356
3289,17.36,78.64,488.0,0.373,65.69609437145655,81.23170222284651,0.7569609437145655,61.65,High,357
6065,17.5,78.52,578.0,0.438,67.93797120535149,90.60342545155716,0.779379712053515,61.51,High,358
5929,17.495,78.34,564.0,0.344,54.27758003571441,94.18102451020036,0.6427758003571441,61.48,High,359
3489,17.37,78.64,465.0,0.777,66.20559859040455,81.23170222284651,0.7620559859040456,61.4,High,360
6657,17.53,78.48,576.0,0.313,59.30709727275935,93.00002243586103,0.6930709727275935,61.33,High,361
3121,17.355,78.3,556.0,0.387,56.983549942945125,92.3170321271748,0.6698354994294513,61.32,High,362
5681,17.48,78.6,518.0,0.276,63.73867552503231,84.40458373703939,0.737386755250323,61.32,High,363
6649,17.53,78.44,584.0,0.323,57.818440968229915,94.58438383159046,0.6781844096822991,61.31,High,364
4321,17.415,78.3,561.0,0.319,56.98354994294535,92.3170321271748,0.6698354994294535,61.26,High,365
3593,17.375,78.66,455.0,0.462,61.26852265105334,79.76975306497205,0.7126852265105335,61.23,High,366
5633,17.48,78.36,587.0,0.517,61.29420880837373,94.77176177495001,0.7129420880837374,61.2,High,367
6137,17.505,78.38,606.0,0.131,58.61189235229213,95.11287515155512,0.6861189235229214,61.13,High,368
5529,17.475,78.34,577.0,0.429,58.40843918786012,94.18102451020036,0.6840843918786012,61.12,High,369
3585,17.375,78.62,480.0,1.091,71.29951235350501,82.78991418004858,0.8129951235350502,61.11,High,370
5777,17.485,78.58,530.0,0.463,65.81592925968779,86.0344634604297,0.7581592925968779,61.1,High,371
6753,17.535,78.46,571.0,0.419,57.2490502194006,93.90595639097702,0.672490502194006,61.08,High,372
4193,17.405,78.66,459.0,0.411,60.922806786205264,79.76975306497205,0.7092280678620526,60.97,High,373
2489,17.32,78.64,496.0,0.08,61.332741617527255,81.23170222284651,0.7133274161752725,60.94,High,374
5177,17.455,78.58,533.0,0.846,72.72612670461868,86.0344634604297,0.8272612670461867,60.86,High,375
6025,17.5,78.32,550.0,0.24,49.54424180068825,93.35575399666972,0.5954424180068825,60.85,High,376
6161,17.505,78.5,570.0,0.768,67.17783947066155,91.88972444162191,0.7717783947066157,60.81,High,377
5377,17.465,78.58,553.0,0.429,70.60148299853331,86.0344634604297,0.8060148299853331,60.8,High,378
6857,17.54,78.48,573.0,0.236,56.105620892928705,93.00002243586103,0.6610562089292871,60.77,High,379
4241,17.41,78.4,550.0,2.292,80.47005572044937,95.19565075102334,0.9047005572044937,60.77,High,380
2889,17.34,78.64,491.0,0.337,63.95242330818312,81.23170222284651,0.7395242330818312,60.68,High,381
1033,17.25,78.36,575.0,0.205,51.782304499558165,94.77176177495001,0.6178230449955817,60.68,High,382
1457,17.27,78.48,590.0,0.731,68.84690209505285,93.00002243586103,0.7884690209505285,60.66,High,383
5737,17.485,78.38,587.0,0.77,63.68299904407644,95.11287515155512,0.7368299904407644,60.6,High,384
953,17.245,78.46,601.0,0.209,60.425874860040544,93.90595639097702,0.7042587486004055,60.59,High,385
841,17.24,78.4,575.0,0.42,54.31447900472159,95.19565075102334,0.6431447900472159,60.59,High,386
1545,17.275,78.42,582.0,1.013,66.6146668581867,95.01797403480373,0.766146668581867,60.51,High,387
5281,17.46,78.6,524.0,0.535,68.06262785237809,84.40458373703939,0.7806262785237807,60.46,High,388
3697,17.38,78.68,454.0,0.096,56.22417571810069,78.44141283104987,0.6622417571810069,60.42,High,389
2721,17.335,78.3,561.0,0.32,55.33735140330579,92.3170321271748,0.6533735140330579,60.41,High,390
1369,17.265,78.54,559.0,0.485,65.00054340836022,89.17398453065434,0.7500054340836021,60.4,High,391
4521,17.425,78.3,564.0,0.335,56.25522921259142,92.3170321271748,0.6625522921259143,60.35,High,392
4441,17.42,78.4,630.0,1.089,79.49533357669235,95.19565075102334,0.8949533357669235,60.28,High,393
1041,17.25,78.4,575.0,0.621,57.16510037431154,95.19565075102334,0.6716510037431154,60.27,High,394
4529,17.425,78.34,573.0,1.031,66.06778528904033,94.18102451020036,0.7606778528904032,60.26,High,395
1169,17.255,78.54,558.0,0.345,61.97116362558531,89.17398453065434,0.7197116362558531,60.22,High,396
6241,17.51,78.4,580.0,0.717,59.996867378512334,95.19565075102334,0.6999686737851234,60.21,High,397
6033,17.5,78.36,578.0,0.499,56.679811443908136,94.77176177495001,0.6667981144390813,60.2,High,398
1377,17.265,78.58,527.0,0.31,60.5226440476412,86.0344634604297,0.7052264404764119,60.14,High,399
5729,17.485,78.34,575.0,0.456,56.39474223188454,94.18102451020036,0.6639474223188454,60.12,High,400
6265,17.51,78.52,585.0,0.323,64.85510376110379,90.60342545155716,0.7485510376110379,60.02,High,401
5385,17.465,78.62,500.0,0.439,63.095368021063855,82.78991418004858,0.7309536802106386,60.01,High,402
1361,17.265,78.5,575.0,0.792,67.17783947066044,91.88972444162191,0.7717783947066045,59.93,High,403
1473,17.27,78.56,538.0,0.619,64.44677672992617,87.63791736654338,0.7444677672992617,59.88,High,404
2241,17.31,78.4,565.0,1.728,72.77712138533673,95.19565075102334,0.8277712138533672,59.82,High,405
6169,17.505,78.54,571.0,0.373,65.00054340836127,89.17398453065434,0.7500054340836128,59.8,High,406
5825,17.49,78.32,556.0,0.382,51.49739446559834,93.35575399666972,0.6149739446559834,59.8,High,407
5937,17.495,78.38,602.0,0.492,61.19307400492702,95.11287515155512,0.7119307400492703,59.8,High,408
6545,17.525,78.42,583.0,0.568,57.79006175061925,95.01797403480373,0.6779006175061926,59.79,High,409
2025,17.3,78.32,554.0,0.626,55.13468301312482,93.35575399666972,0.6513468301312482,59.77,High,410
3193,17.355,78.66,474.0,0.294,60.352344518425994,79.76975306497205,0.7035234451842599,59.72,High,411
2321,17.315,78.3,563.0,0.245,52.98828693035825,92.3170321271748,0.6298828693035825,59.6,High,412
3617,17.38,78.28,541.0,0.407,52.8361454110422,91.09139350189628,0.628361454110422,59.55,High,413
2521,17.325,78.3,567.0,0.268,54.243187941538054,92.3170321271748,0.6424318794153805,59.51,High,414
6337,17.515,78.38,598.0,0.283,55.96958136975799,95.11287515155512,0.6596958136975799,59.5,High,415
833,17.24,78.36,576.0,0.181,49.295593397286375,94.77176177495001,0.5929559339728637,59.49,High,416
2289,17.31,78.64,491.0,0.229,59.73914625594639,81.23170222284651,0.6973914625594639,59.48,High,417
1521,17.275,78.3,541.0,0.228,46.73048445547191,92.3170321271748,0.5673048445547191,59.47,High,418
1241,17.26,78.4,586.0,0.719,59.996867378512334,95.19565075102334,0.6999686737851234,59.4,High,419
5625,17.48,78.32,564.0,0.427,53.36865589471737,93.35575399666972,0.6336865589471737,59.3,High,420
4585,17.425,78.62,490.0,1.029,69.2273760193006,82.78991418004858,0.7922737601930061,59.27,High,421
3217,17.36,78.28,551.0,0.257,52.272838592975226,91.09139350189628,0.6227283859297522,59.26,High,422
737,17.235,78.38,571.0,0.412,50.61724296463979,95.11287515155512,0.606172429646398,59.2,High,423
6369,17.515,78.54,570.0,0.282,61.97116362558639,89.17398453065434,0.719711636255864,59.18,High,424
3825,17.39,78.32,554.0,1.155,63.04993936670319,93.35575399666972,0.730499393667032,59.16,High,425
5425,17.47,78.32,571.0,0.442,55.134683013125425,93.35575399666972,0.6513468301312543,59.15,High,426
1265,17.26,78.52,567.0,0.698,64.85510376110379,90.60342545155716,0.7485510376110379,59.1,High,427
2121,17.305,78.3,562.0,0.239,51.59010591009769,92.3170321271748,0.6159010591009769,59.07,High,428
945,17.245,78.42,592.0,0.516,57.79006175061819,95.01797403480373,0.6779006175061819,59.06,High,429
4097,17.4,78.68,441.0,0.442,56.01856928394226,78.44141283104987,0.6601856928394226,58.99,High,430
753,17.235,78.46,604.0,0.172,57.24905021939948,93.90595639097702,0.6724905021939948,58.89,High,431
4825,17.44,78.32,593.0,0.414,59.57801826594083,93.35575399666972,0.6957801826594082,58.75,High,432
5521,17.475,78.3,563.0,0.177,50.067608636639555,92.3170321271748,0.6006760863663956,58.71,High,433
641,17.23,78.4,581.0,0.382,51.4737518150316,95.19565075102334,0.6147375181503161,58.68,High,434
7057,17.55,78.48,579.0,0.205,52.94527057463407,93.00002243586103,0.6294527057463407,58.63,High,435
5321,17.465,78.3,561.0,0.304,51.59010591009821,92.3170321271748,0.6159010591009821,58.63,High,436
1233,17.26,78.36,570.0,0.657,54.25256818435121,94.77176177495001,0.6425256818435121,58.63,High,437
4689,17.43,78.64,483.0,0.691,63.95242330818351,81.23170222284651,0.7395242330818351,58.62,High,438
4729,17.435,78.34,607.0,0.643,64.93159024708312,94.18102451020036,0.7493159024708312,58.6,High,439
537,17.225,78.38,582.0,0.161,47.96115917397915,95.11287515155512,0.5796115917397915,58.6,High,440
3897,17.39,78.68,451.0,0.356,56.224175718100724,78.44141283104987,0.6622417571810073,58.53,High,441
969,17.245,78.54,567.0,0.231,58.90524871042638,89.17398453065434,0.6890524871042638,58.47,High,442
5129,17.455,78.34,609.0,0.465,62.02380080016426,94.18102451020036,0.7202380080016426,58.42,High,443
4425,17.42,78.32,559.0,1.085,61.62984904569373,93.35575399666972,0.7162984904569373,58.39,High,444
649,17.23,78.44,611.0,0.07,54.72452970301848,94.58438383159046,0.6472452970301847,58.39,High,445
4889,17.44,78.64,482.0,0.663,62.74378367027799,81.23170222284651,0.72743783670278,58.38,High,446
6745,17.535,78.42,590.0,0.45,54.79757073172871,95.01797403480373,0.6479757073172872,58.37,High,447
4593,17.425,78.66,466.0,0.526,59.56558273368408,79.76975306497205,0.6956558273368407,58.34,High,448
849,17.24,78.44,612.0,0.241,57.818440968228806,94.58438383159046,0.6781844096822881,58.33,High,449
6849,17.54,78.44,589.0,0.407,54.72452970301958,94.58438383159046,0.6472452970301958,58.33,High,450
6225,17.51,78.32,551.0,0.395,47.53254176744639,93.35575399666972,0.5753254176744639,58.32,High,451
6561,17.525,78.5,596.0,0.293,60.81712243449469,91.88972444162191,0.708171224344947,58.3,High,452
5577,17.475,78.58,543.0,0.732,68.28793117461902,86.0344634604297,0.7828793117461902,58.27,High,453
4721,17.435,78.3,574.0,0.368,55.33735140330615,92.3170321271748,0.6533735140330615,58.26,High,454
1321,17.265,78.3,542.0,0.25,44.957444966977434,92.3170321271748,0.5495744496697743,58.24,High,455
1425,17.27,78.32,548.0,0.573,49.544241800687544,93.35575399666972,0.5954424180068754,58.18,High,456
5225,17.46,78.32,578.0,0.545,56.7726104988568,93.35575399666972,0.667726104988568,58.15,High,457
1065,17.25,78.52,573.0,0.536,61.71759561783428,90.60342545155716,0.7171759561783427,58.13,High,458
5721,17.485,78.3,562.0,0.164,48.44083886361595,92.3170321271748,0.5844083886361595,58.13,High,459
1273,17.26,78.56,548.0,0.504,61.56722062430393,87.63791736654338,0.7156722062430393,58.1,High,460
1145,17.255,78.42,614.0,0.47,60.77810287087353,95.01797403480373,0.7077810287087354,58.08,High,461
5289,17.46,78.64,497.0,0.299,59.73914625594699,81.23170222284651,0.6973914625594699,58.07,High,462
5185,17.455,78.62,509.0,0.639,64.93318808353428,82.78991418004858,0.7493318808353429,58.0,High,463
5881,17.49,78.6,529.0,0.352,61.36166227060403,84.40458373703939,0.7136166227060403,57.99,High,464
6129,17.505,78.34,575.0,0.452,52.08282311312313,94.18102451020036,0.6208282311312314,57.96,High,465
929,17.245,78.34,555.0,0.491,47.56225754126819,94.18102451020036,0.5756225754126819,57.95,High,466
5481,17.47,78.6,533.0,0.568,65.98201245423522,84.40458373703939,0.7598201245423521,57.92,High,467
5025,17.45,78.32,582.0,0.604,58.26053872062638,93.35575399666972,0.6826053872062638,57.86,High,468
3417,17.37,78.28,556.0,0.368,52.64743684853594,91.09139350189628,0.6264743684853594,57.81,High,469
6465,17.52,78.52,590.0,0.318,61.7175956178354,90.60342545155716,0.717175956178354,57.8,High,470
3497,17.37,78.68,449.0,0.457,56.01856928394215,78.44141283104987,0.6601856928394215,57.8,High,471
6361,17.515,78.5,585.0,0.705,64.0165439881236,91.88972444162191,0.7401654398812361,57.76,High,472
1921,17.295,78.3,554.0,0.421,50.067608636639555,92.3170321271748,0.6006760863663956,57.75,High,473
6233,17.51,78.36,586.0,0.52,54.25256818435121,94.77176177495001,0.6425256818435121,57.72,High,474
465,17.22,78.52,558.0,0.265,52.30475780228224,90.60342545155716,0.6230475780228224,57.69,High,475
6953,17.545,78.46,588.0,0.369,54.09841282812352,93.90595639097702,0.6409841282812352,57.67,High,476
569,17.225,78.54,550.0,0.223,52.789597771990074,89.17398453065434,0.6278959777199008,57.66,High,477
1721,17.285,78.3,547.0,0.443,48.44083886361536,92.3170321271748,0.5844083886361536,57.65,High,478
6321,17.515,78.3,544.0,0.185,43.14241513049477,92.3170321271748,0.5314241513049477,57.62,High,479
6945,17.545,78.42,597.0,0.261,51.829747460477954,95.01797403480373,0.6182974746047796,57.6,High,480
665,17.23,78.52,561.0,0.413,55.4117616899594,90.60342545155716,0.654117616899594,57.58,High,481
5121,17.455,78.3,564.0,0.47,52.988286930358726,92.3170321271748,0.6298828693035872,57.49,High,482
3817,17.39,78.28,541.0,0.643,52.83614541104224,91.09139350189628,0.6283614541104223,57.47,High,483
5689,17.48,78.64,491.0,0.248,56.09345542972089,81.23170222284651,0.6609345542972089,57.45,High,484
6273,17.51,78.56,566.0,0.307,61.56722062430393,87.63791736654338,0.7156722062430393,57.45,High,485
1881,17.29,78.6,521.0,0.679,63.738675525031496,84.40458373703939,0.7373867552503149,57.38,High,486
1345,17.265,78.42,605.0,0.862,63.730536845817156,95.01797403480373,0.7373053684581715,57.32,High,487
5417,17.47,78.28,550.0,0.164,46.60340517646924,91.09139350189628,0.5660340517646923,57.31,High,488
5089,17.45,78.64,494.0,0.526,61.33274161752779,81.23170222284651,0.7133274161752778,57.28,High,489
5217,17.46,78.28,554.0,0.182,47.89316460883638,91.09139350189628,0.5789316460883638,57.28,High,490
3393,17.365,78.66,476.0,0.579,60.9228067862051,79.76975306497205,0.7092280678620511,57.24,High,491
4217,17.41,78.28,571.0,0.197,52.2728385929754,91.09139350189628,0.6227283859297539,57.14,High,492
865,17.24,78.52,571.0,0.498,58.55919743493337,90.60342545155716,0.6855919743493337,57.12,High,493
4921,17.445,78.3,574.0,0.435,54.243187941538466,92.3170321271748,0.6424318794153847,57.12,High,494
3017,17.35,78.28,552.0,0.459,51.71791832083781,91.09139350189628,0.6171791832083782,57.06,High,495
5329,17.465,78.34,585.0,0.882,60.29306243073392,94.18102451020036,0.7029306243073392,57.04,High,496
1073,17.25,78.56,551.0,0.41,58.63662730695193,87.63791736654338,0.6863662730695193,57.04,High,497
2993,17.345,78.66,479.0,0.482,59.56558273368376,79.76975306497205,0.6956558273368376,57.01,High,498
5489,17.47,78.64,499.0,0.288,57.98489923940545,81.23170222284651,0.6798489923940545,57.01,High,499
6425,17.52,78.32,558.0,0.321,45.485186391240816,93.35575399666972,0.5548518639124083,57.0,High,500
4297,17.41,78.68,443.0,0.615,55.61042770019575,78.44141283104987,0.6561042770019575,56.99,High,501
1785,17.285,78.62,519.0,0.257,58.9558567015462,82.78991418004858,0.689558567015462,56.99,High,502
441,17.22,78.4,582.0,0.399,48.669516514504444,95.19565075102334,0.5866951651450445,56.97,High,503
6329,17.515,78.34,570.0,0.514,49.836088438469055,94.18102451020036,0.5983608843846906,56.92,High,504
857,17.24,78.48,606.0,0.363,59.307097272758206,93.00002243586103,0.693070972727582,56.92,High,505
6529,17.525,78.34,566.0,0.443,47.562257541269005,94.18102451020036,0.57562257541269,56.92,High,506
7153,17.555,78.46,582.0,0.366,51.00226573418396,93.90595639097702,0.6100226573418396,56.91,High,507
6073,17.5,78.56,561.0,0.624,64.44677672992717,87.63791736654338,0.7444677672992718,56.79,High,508
1985,17.295,78.62,511.0,0.538,61.09414214710837,82.78991418004858,0.7109414214710837,56.67,High,509
5921,17.495,78.3,558.0,0.29,46.73048445547253,92.3170321271748,0.5673048445547253,56.67,High,510
6633,17.53,78.36,576.0,0.502,49.29559339728726,94.77176177495001,0.5929559339728727,56.67,High,511
6761,17.535,78.5,593.0,0.339,57.612936186863266,91.88972444162191,0.6761293618686326,56.66,High,512
5977,17.495,78.58,533.0,0.787,63.21691405652032,86.0344634604297,0.7321691405652031,56.52,High,513
6641,17.53,78.4,610.0,0.359,54.3144790047226,95.19565075102334,0.643144790047226,56.5,High,514
5193,17.455,78.66,484.0,0.265,56.03649831593041,79.76975306497205,0.6603649831593041,56.45,High,515
729,17.235,78.34,568.0,0.335,45.285040373063524,94.18102451020036,0.5528504037306352,56.44,High,516
673,17.23,78.56,542.0,0.271,52.746655416678415,87.63791736654338,0.6274665541667842,56.44,High,517
4985,17.445,78.62,519.0,0.765,66.58267568302324,82.78991418004858,0.7658267568302324,56.41,High,518
5017,17.45,78.28,557.0,0.312,49.064809553701366,91.09139350189628,0.5906480955370137,56.34,High,519
561,17.225,78.5,567.0,0.581,54.43516273621218,91.88972444162191,0.6443516273621217,56.34,High,520
6433,17.52,78.36,591.0,0.463,51.782304499559054,94.77176177495001,0.6178230449955906,56.29,High,521
5985,17.495,78.62,512.0,0.313,56.70770456697214,82.78991418004858,0.6670770456697214,56.28,High,522
553,17.225,78.46,606.0,0.257,54.09841282812352,93.90595639097702,0.6409841282812352,56.27,High,523
745,17.235,78.42,603.0,0.496,54.79757073172765,95.01797403480373,0.6479757073172765,56.25,High,524
6521,17.525,78.3,545.0,0.221,41.30549554755776,92.3170321271748,0.5130549554755777,56.23,High,525
3913,17.395,78.26,548.0,0.208,47.87465096924112,89.71014759052329,0.5787465096924111,56.19,High,526
337,17.215,78.38,577.0,0.363,45.35101237241834,95.11287515155512,0.5535101237241834,56.15,High,527
6121,17.505,78.3,551.0,0.361,44.95744496697807,92.3170321271748,0.5495744496697808,56.07,High,528
2089,17.3,78.64,503.0,0.337,57.9848992394048,81.23170222284651,0.679848992394048,56.05,High,529
633,17.23,78.36,581.0,0.354,46.817513384105396,94.77176177495001,0.5681751338410539,56.04,High,530
1225,17.26,78.32,562.0,0.489,47.53254176744639,93.35575399666972,0.5753254176744639,56.04,High,531
1177,17.255,78.58,534.0,0.515,57.76456647216181,86.0344634604297,0.677645664721618,56.0,High,532
4793,17.435,78.66,472.0,0.645,58.57405365410184,79.76975306497205,0.6857405365410183,55.99,High,533
6625,17.53,78.32,553.0,0.405,43.424199389873564,93.35575399666972,0.5342419938987356,55.87,High,534
3713,17.385,78.26,544.0,0.312,47.95694041561307,89.71014759052329,0.5795694041561307,55.85,High,535
7049,17.55,78.44,598.0,0.378,51.670362721378396,94.58438383159046,0.616703627213784,55.84,High,536
921,17.245,78.3,552.0,0.164,41.3054955475571,92.3170321271748,0.513054955475571,55.81,High,537
5785,17.485,78.62,520.0,0.379,58.955856701546985,82.78991418004858,0.6895585670154698,55.78,High,538
6441,17.52,78.4,596.0,0.816,57.165100374312544,95.19565075102334,0.6716510037431255,55.78,High,539
1121,17.255,78.3,550.0,0.304,43.142415130494115,92.3170321271748,0.5314241513049411,55.78,High,540
7041,17.55,78.4,602.0,0.235,48.66951651450544,95.19565075102334,0.5866951651450544,55.76,High,541
6841,17.54,78.4,603.0,0.384,51.47375181503261,95.19565075102334,0.6147375181503261,55.75,High,542
4993,17.445,78.66,491.0,0.319,57.39209361630135,79.76975306497205,0.6739209361630135,55.74,High,543
769,17.235,78.54,559.0,0.485,55.83476792416744,89.17398453065434,0.6583476792416744,55.72,High,544
449,17.22,78.44,614.0,0.152,51.670362721377316,94.58438383159046,0.6167036272137731,55.71,High,545
1585,17.275,78.62,516.0,0.319,56.70770456697132,82.78991418004858,0.6670770456697133,55.69,High,546
4417,17.42,78.28,573.0,0.305,51.71791832083781,91.09139350189628,0.6171791832083782,55.64,High,547
57,17.2,78.48,579.0,0.203,46.8534237888629,93.00002243586103,0.568534237888629,55.54,High,548
4625,17.43,78.32,588.0,0.92,60.706516171083464,93.35575399666972,0.7070651617108346,55.53,High,549
529,17.225,78.34,568.0,0.316,43.026594796176596,94.18102451020036,0.530265947961766,55.46,High,550
873,17.24,78.56,559.0,0.303,55.686521622540624,87.63791736654338,0.6568652162254063,55.41,High,551
241,17.21,78.4,584.0,0.387,45.92586452843057,95.19565075102334,0.5592586452843058,55.41,High,552
5393,17.465,78.66,485.0,0.287,54.526126100713896,79.76975306497205,0.645261261007139,55.36,High,553
1681,17.28,78.6,535.0,0.569,61.36166227060316,84.40458373703939,0.7136166227060317,55.28,High,554
1025,17.25,78.32,567.0,0.386,45.48518639124009,93.35575399666972,0.5548518639124009,55.24,High,555
1481,17.27,78.6,543.0,0.312,58.88062477356089,84.40458373703939,0.688806247735609,55.22,High,556
3297,17.36,78.68,458.0,0.599,55.610427700195565,78.44141283104987,0.6561042770019556,55.15,High,557
5585,17.475,78.62,515.0,0.659,61.09414214710837,82.78991418004858,0.7109414214710837,55.07,High,558
2617,17.33,78.28,567.0,0.371,50.10223745287408,91.09139350189628,0.6010223745287409,55.03,High,559
6665,17.53,78.52,593.0,0.405,58.55919743493448,90.60342545155716,0.6855919743493448,55.02,High,560
361,17.215,78.5,566.0,0.575,51.312348901248136,91.88972444162191,0.6131234890124813,54.94,High,561
4617,17.43,78.28,576.0,0.302,50.99085482467118,91.09139350189628,0.6099085482467118,54.9,High,562
7137,17.555,78.38,579.0,0.475,45.351012372419255,95.11287515155512,0.5535101237241926,54.9,High,563
5817,17.49,78.28,546.0,0.334,43.73928130451446,91.09139350189628,0.5373928130451446,54.88,High,564
7257,17.56,78.48,579.0,0.456,49.853197157739174,93.00002243586103,0.5985319715773917,54.84,High,565
3097,17.35,78.68,464.0,0.512,55.005817199849695,78.44141283104987,0.650058171998497,54.81,High,566
1161,17.255,78.5,597.0,0.871,64.01654398812249,91.88972444162191,0.7401654398812249,54.71,High,567
6537,17.525,78.38,595.0,0.719,53.295403408347305,95.11287515155512,0.6329540340834731,54.69,High,568
7241,17.56,78.4,594.0,0.323,45.92586452843153,95.19565075102334,0.5592586452843153,54.65,High,569
5617,17.48,78.28,559.0,0.251,45.21277576605556,91.09139350189628,0.5521277576605557,54.65,High,570
545,17.225,78.42,600.0,0.552,51.829747460477954,95.01797403480373,0.6182974746047796,54.64,High,571
4785,17.435,78.62,533.0,0.839,68.02088399261972,82.78991418004858,0.7802088399261972,54.64,High,572
257,17.21,78.48,581.0,0.456,49.85319715773809,93.00002243586103,0.5985319715773809,54.58,High,573
6729,17.535,78.34,579.0,0.385,45.285040373064334,94.18102451020036,0.5528504037306433,54.55,High,574
1281,17.26,78.6,547.0,0.185,56.32521612325847,84.40458373703939,0.6632521612325847,54.51,High,575
2817,17.34,78.28,567.0,0.483,50.9908548246709,91.09139350189628,0.6099085482467089,54.5,High,576
6721,17.535,78.3,540.0,0.398,39.46584035770769,92.3170321271748,0.49465840357707686,54.39,High,577
6825,17.54,78.32,559.0,0.367,41.370365838059634,93.35575399666972,0.5137036583805963,54.37,High,578
961,17.245,78.5,606.0,0.59,60.817122434493555,91.88972444162191,0.7081712243449356,54.36,High,579
6017,17.5,78.28,551.0,0.235,42.201302917579966,91.09139350189628,0.5220130291757997,54.31,High,580
657,17.23,78.48,600.0,0.567,56.10562089292759,93.00002243586103,0.661056208929276,54.28,High,581
6185,17.505,78.62,517.0,0.334,54.37715687944863,82.78991418004858,0.6437715687944863,54.24,High,582
6217,17.51,78.28,548.0,0.196,40.61722235505833,91.09139350189628,0.5061722235505832,54.24,High,583
7025,17.55,78.32,548.0,0.431,39.34291576530828,93.35575399666972,0.4934291576530828,54.22,High,584
1889,17.29,78.64,504.0,0.421,56.093455429720194,81.23170222284651,0.6609345542972019,54.21,High,585
6377,17.515,78.58,553.0,0.438,57.76456647216279,86.0344634604297,0.6776456647216279,54.16,High,586
353,17.215,78.46,599.0,0.424,51.00226573418287,93.90595639097702,0.6100226573418287,54.15,High,587
7129,17.555,78.34,559.0,0.472,40.80720905249785,94.18102451020036,0.5080720905249785,54.14,High,588
7233,17.56,78.36,566.0,0.525,41.97786927811688,94.77176177495001,0.5197786927811687,54.05,High,589
4817,17.44,78.28,566.0,0.499,50.10223745287443,91.09139350189628,0.6010223745287442,54.03,High,590
1217,17.26,78.28,545.0,0.268,40.61722235505833,91.09139350189628,0.5061722235505832,54.0,High,591
721,17.235,78.3,554.0,0.234,39.46584035770704,92.3170321271748,0.49465840357707036,53.99,High,592
4897,17.44,78.68,486.0,0.177,53.24546050173166,78.44141283104987,0.6324546050173165,53.95,High,593
473,17.22,78.56,550.0,0.275,49.84455463655902,87.63791736654338,0.5984455463655902,53.87,High,594
6081,17.5,78.6,529.0,0.683,58.880624773561784,84.40458373703939,0.6888062477356178,53.81,High,595
2017,17.3,78.28,561.0,0.418,46.60340517646876,91.09139350189628,0.5660340517646876,53.62,High,596
2593,17.325,78.66,521.0,0.112,57.392093616300905,79.76975306497205,0.673920936163009,53.6,High,597
977,17.245,78.58,547.0,0.431,54.973225741656904,86.0344634604297,0.649732257416569,53.6,High,598
825,17.24,78.32,577.0,0.305,43.42419938987283,93.35575399666972,0.5342419938987283,53.58,High,599
7121,17.555,78.3,536.0,0.344,35.84841390265959,92.3170321271748,0.45848413902659585,53.55,High,600
5097,17.45,78.68,478.0,0.287,52.11513632241162,78.44141283104987,0.6211513632241162,53.47,High,601
6961,17.545,78.5,599.0,0.428,54.43516273621218,91.88972444162191,0.6443516273621217,53.46,High,602
6177,17.505,78.58,558.0,0.608,60.52264404764216,86.0344634604297,0.7052264404764217,53.42,High,603
6569,17.525,78.54,575.0,0.685,58.90524871042747,89.17398453065434,0.6890524871042747,53.41,High,604
233,17.21,78.36,598.0,0.127,41.97786927811603,94.77176177495001,0.5197786927811603,53.32,High,605
41,17.2,78.4,591.0,0.369,43.26411202400557,95.19565075102334,0.5326411202400556,53.28,High,606
625,17.23,78.32,578.0,0.207,41.3703658380589,93.35575399666972,0.513703658380589,53.26,High,607
7249,17.56,78.44,602.0,0.438,48.68217863304391,94.58438383159046,0.586821786330439,53.25,High,608
6817,17.54,78.28,531.0,0.282,35.764916866525965,91.09139350189628,0.4576491686652596,53.25,High,609
5913,17.495,78.26,538.0,0.209,39.35414043656576,89.71014759052329,0.49354140436565763,53.15,High,610
4009,17.4,78.24,548.0,0.085,43.165247886596006,88.20857891828378,0.53165247886596,53.08,High,611
3313,17.365,78.26,564.0,0.308,47.62901337935885,89.71014759052329,0.5762901337935886,53.07,High,612
2417,17.32,78.28,576.0,0.399,49.064809553700975,91.09139350189628,0.5906480955370097,53.06,High,613
7161,17.555,78.5,591.0,0.418,51.31234890124922,91.88972444162191,0.6131234890124921,53.01,High,614
577,17.225,78.58,538.0,0.311,49.40527423928365,86.0344634604297,0.5940527423928365,53.0,High,615
6385,17.515,78.62,518.0,0.323,51.99141554900924,82.78991418004858,0.6199141554900924,52.99,High,616
433,17.22,78.36,589.0,0.444,44.371266706242864,94.77176177495001,0.5437126670624287,52.94,High,617
4017,17.4,78.28,566.0,0.773,52.647436848536046,91.09139350189628,0.6264743684853604,52.92,High,618
7353,17.565,78.46,597.0,0.421,47.98595528784865,93.90595639097702,0.5798595528784865,52.9,High,619
4497,17.42,78.68,461.0,0.774,55.005817199849695,78.44141283104987,0.650058171998497,52.9,High,620
7225,17.56,78.32,545.0,0.517,37.35926716858596,93.35575399666972,0.4735926716858596,52.85,High,621
777,17.235,78.58,550.0,0.312,52.17772804583354,86.0344634604297,0.6217772804583355,52.82,High,622
1081,17.25,78.6,550.0,0.192,53.72451544614438,84.40458373703939,0.6372451544614438,52.72,High,623
249,17.21,78.44,616.0,0.291,48.68217863304286,94.58438383159046,0.5868217863304286,52.7,High,624
457,17.22,78.48,592.0,0.689,52.945270574632964,93.00002243586103,0.6294527057463297,52.65,High,625
265,17.21,78.52,570.0,0.484,49.2648783080179,90.60342545155716,0.592648783080179,52.63,High,626
7017,17.55,78.28,532.0,0.251,34.16843419084945,91.09139350189628,0.44168434190849454,52.58,High,627
521,17.225,78.3,558.0,0.229,37.64134984159631,92.3170321271748,0.4764134984159631,52.57,High,628
1817,17.29,78.28,559.0,0.496,45.212775766055046,91.09139350189628,0.5521277576605506,52.49,High,629
7145,17.555,78.42,599.0,0.644,48.91325271498628,95.01797403480373,0.5891325271498628,52.47,High,630
5889,17.49,78.64,501.0,0.551,54.089303959159565,81.23170222284651,0.6408930395915957,52.44,High,631
6417,17.52,78.28,546.0,0.34,39.00506557102974,91.09139350189628,0.4900506557102974,52.41,High,632
6929,17.545,78.34,567.0,0.68,43.026594796176596,94.18102451020036,0.530265947961766,52.38,High,633
6113,17.505,78.26,537.0,0.235,37.99327710770716,89.71014759052329,0.4799327710770716,52.36,High,634
5713,17.485,78.26,543.0,0.3,40.66689100331736,89.71014759052329,0.5066689100331736,52.36,High,635
2217,17.31,78.28,564.0,0.594,47.893164608835946,91.09139350189628,0.5789316460883595,52.33,High,636
6473,17.52,78.56,570.0,0.66,58.636627306952974,87.63791736654338,0.6863662730695297,52.32,High,637
377,17.215,78.58,540.0,0.204,46.680770042132025,86.0344634604297,0.5668077004213202,52.29,High,638
6921,17.545,78.3,555.0,0.314,37.64134984159631,92.3170321271748,0.4764134984159631,52.22,High,639
7217,17.56,78.28,532.0,0.201,32.60644227703645,91.09139350189628,0.4260644227703645,52.22,High,640
6833,17.54,78.36,593.0,0.609,46.81751338410628,94.77176177495001,0.5681751338410628,52.21,High,641
6617,17.53,78.28,536.0,0.419,37.38217478486496,91.09139350189628,0.4738217478486495,52.21,High,642
7649,17.58,78.44,612.0,0.081,42.993402951395524,94.58438383159046,0.5299340295139553,52.17,High,643
3513,17.375,78.26,557.0,0.53,47.87465096924106,89.71014759052329,0.5787465096924106,52.16,High,644
7065,17.55,78.52,610.0,0.117,52.30475780228333,90.60342545155716,0.6230475780228333,52.12,High,645
681,17.23,78.6,529.0,0.282,48.49756915082619,84.40458373703939,0.5849756915082618,52.04,High,646
2393,17.315,78.66,488.0,0.706,56.03649831592991,79.76975306497205,0.6603649831592991,52.04,High,647
273,17.21,78.56,547.0,0.365,47.00515147817774,87.63791736654338,0.5700515147817773,52.02,High,648
4697,17.43,78.68,473.0,0.652,54.21364894384541,78.44141283104987,0.6421364894384541,51.99,High,649
369,17.215,78.54,564.0,0.485,49.79709386045601,89.17398453065434,0.5979709386045601,51.98,High,650
345,17.215,78.42,617.0,0.432,48.91325271498525,95.01797403480373,0.5891325271498524,51.96,High,651
7721,17.585,78.3,545.0,0.108,30.796333774773966,92.3170321271748,0.40796333774773963,51.86,High,652
761,17.235,78.5,578.0,1.121,57.612936186862136,91.88972444162191,0.6761293618686213,51.76,High,653
169,17.205,78.54,567.0,0.313,46.881754073556216,89.17398453065434,0.5688175407355621,51.61,High,654
153,17.205,78.46,599.0,0.539,47.985955287847595,93.90595639097702,0.579859552878476,51.6,High,655
6865,17.54,78.52,605.0,0.439,55.41176168996051,90.60342545155716,0.654117616899605,51.53,High,656
137,17.205,78.38,595.0,0.476,42.80817030931854,95.11287515155512,0.5280817030931855,51.48,High,657
33,17.2,78.36,593.0,0.279,39.65591604544047,94.77176177495001,0.49655916045440474,51.46,High,658
3609,17.38,78.24,558.0,0.127,43.306426779137695,88.20857891828378,0.533064267791377,51.46,High,659
7321,17.565,78.3,544.0,0.361,34.10171026160498,92.3170321271748,0.4410171026160498,51.45,High,660
7545,17.575,78.42,613.0,0.232,43.32672976489064,95.01797403480373,0.5332672976489065,51.4,High,661
6737,17.535,78.38,624.0,0.507,50.617242964640745,95.11287515155512,0.6061724296464075,51.35,High,662
6913,17.545,78.26,527.0,0.176,32.377945000790916,89.71014759052329,0.4237794500079091,51.34,High,663
6313,17.515,78.26,536.0,0.287,36.60018487186997,89.71014759052329,0.4660018487186997,51.33,High,664
6713,17.535,78.26,529.0,0.228,33.778298604496925,89.71014759052329,0.4377829860449693,51.33,High,665
5593,17.475,78.66,494.0,0.529,52.88146239390261,79.76975306497205,0.6288146239390261,51.2,High,666
161,17.205,78.5,586.0,0.523,48.27005933729405,91.88972444162191,0.5827005933729406,51.19,High,667
7521,17.575,78.3,545.0,0.278,32.41405908806428,92.3170321271748,0.42414059088064276,51.19,High,668
145,17.205,78.42,601.0,0.601,46.07196213653439,95.01797403480373,0.5607196213653438,51.14,High,669
425,17.22,78.32,582.0,0.271,39.342915765307566,93.35575399666972,0.4934291576530757,51.13,High,670
3113,17.355,78.26,568.0,0.446,47.22368926547269,89.71014759052329,0.572236892654727,51.12,High,671
65,17.2,78.52,576.0,0.401,46.31574084522072,90.60342545155716,0.5631574084522073,51.06,High,672
2697,17.33,78.68,492.0,0.418,53.24546050173129,78.44141283104987,0.6324546050173129,51.04,High,673
321,17.215,78.3,560.0,0.27,35.84841390265896,92.3170321271748,0.4584841390265896,51.03,High,674
1417,17.27,78.28,551.0,0.608,42.20130291757941,91.09139350189628,0.5220130291757941,51.02,High,675
7449,17.57,78.44,611.0,0.388,45.78319344061465,94.58438383159046,0.5578319344061465,51.02,High,676
6513,17.525,78.26,532.0,0.302,35.190291570168114,89.71014759052329,0.45190291570168106,51.0,High,677
817,17.24,78.28,565.0,0.123,37.38217478486437,91.09139350189628,0.4738217478486437,50.98,High,678
6809,17.54,78.24,519.0,0.029,30.53489639263462,88.20857891828378,0.40534896392634623,50.96,High,679
7033,17.55,78.36,580.0,0.818,44.37126670624373,94.77176177495001,0.5437126670624374,50.84,High,680
1689,17.28,78.64,519.0,0.468,54.08930395915885,81.23170222284651,0.6408930395915884,50.79,High,681
1617,17.28,78.28,565.0,0.515,43.73928130451394,91.09139350189628,0.5373928130451393,50.78,High,682
5297,17.46,78.68,481.0,0.473,50.838576658058436,78.44141283104987,0.6083857665805843,50.78,High,683
177,17.205,78.58,539.0,0.237,44.0265193810327,86.0344634604297,0.540265193810327,50.77,High,684
2897,17.34,78.68,473.0,0.79,54.2136489438451,78.44141283104987,0.642136489438451,50.77,High,685
7849,17.59,78.44,611.0,0.103,40.32947844858057,94.58438383159046,0.5032947844858058,50.75,High,686
7641,17.58,78.4,614.0,0.164,40.70261849141012,95.19565075102334,0.5070261849141012,50.73,High,687
6481,17.52,78.6,540.0,0.568,53.72451544614531,84.40458373703939,0.637245154461453,50.73,High,688
5513,17.475,78.26,548.0,0.484,41.91548774522258,89.71014759052329,0.5191548774522258,50.72,High,689
3809,17.39,78.24,555.0,0.264,43.306426779137716,88.20857891828378,0.5330642677913772,50.65,High,690
6969,17.545,78.54,602.0,0.24,52.789597771990074,89.17398453065434,0.6278959777199008,50.63,High,691
6281,17.51,78.6,550.0,0.585,56.32521612325847,84.40458373703939,0.6632521612325847,50.59,High,692
7329,17.565,78.34,555.0,0.811,38.64505195853758,94.18102451020036,0.48645051958537583,50.58,High,693
7921,17.595,78.3,549.0,0.113,29.25742571131543,92.3170321271748,0.3925742571131543,50.5,High,694
7745,17.585,78.42,613.0,0.182,40.69524289835036,95.01797403480373,0.5069524289835036,50.49,High,695
7345,17.565,78.42,622.0,0.369,46.071962136535376,95.01797403480373,0.5607196213653538,50.4,High,696
4513,17.425,78.26,588.0,0.207,46.66468029809347,89.71014759052329,0.5666468029809347,50.29,High,697
281,17.21,78.6,530.0,0.171,43.40237798523519,84.40458373703939,0.5340237798523519,50.28,High,698
7553,17.575,78.46,595.0,0.58,45.0716201110768,93.90595639097702,0.550716201110768,50.28,High,699
4113,17.405,78.26,552.0,0.809,47.629013379358966,89.71014759052329,0.5762901337935897,50.24,High,700
1489,17.27,78.64,520.0,0.399,51.99744564118282,81.23170222284651,0.6199744564118281,50.2,High,701
489,17.22,78.64,503.0,0.02,41.071659293356774,81.23170222284651,0.5107165929335677,50.2,High,702
7945,17.595,78.42,606.0,0.181,38.191964792645564,95.01797403480373,0.48191964792645564,50.15,High,703
5609,17.48,78.24,541.0,0.201,37.60314087826633,88.20857891828378,0.47603140878266337,50.14,High,704
7009,17.55,78.24,519.0,0.055,29.340516799463636,88.20857891828378,0.3934051679946363,50.12,High,705
2297,17.31,78.68,464.0,0.806,50.83857665805795,78.44141283104987,0.6083857665805795,50.1,High,706
6609,17.53,78.24,520.0,0.181,31.744818607255436,88.20857891828378,0.41744818607255435,50.1,High,707
3409,17.37,78.24,558.0,0.275,43.16524788659593,88.20857891828378,0.5316524788659593,50.08,High,708
1113,17.255,78.26,552.0,0.196,36.600184871869466,89.71014759052329,0.46600184871869466,50.01,High,709
7113,17.555,78.26,527.0,0.261,31.001810523175017,89.71014759052329,0.41001810523175014,49.89,Moderate,710
5113,17.455,78.26,568.0,0.412,44.157199794563766,89.71014759052329,0.5415719979456377,49.85,Moderate,711
7857,17.59,78.48,607.0,0.104,41.21010107122345,93.00002243586103,0.5121010107122345,49.83,Moderate,712
7825,17.59,78.32,555.0,0.392,31.8144876269119,93.35575399666972,0.418144876269119,49.8,Moderate,713
6089,17.5,78.64,512.0,0.566,51.99744564118358,81.23170222284651,0.6199744564118358,49.78,Moderate,714
481,17.22,78.6,537.0,0.271,45.92215364734394,84.40458373703939,0.5592215364734394,49.76,Moderate,715
7425,17.57,78.32,566.0,0.446,35.43483154518157,93.35575399666972,0.45434831545181564,49.72,Moderate,716
617,17.23,78.28,564.0,0.196,35.76491686652539,91.09139350189628,0.4576491686652539,49.65,Moderate,717
7841,17.59,78.4,613.0,0.16,38.256690952530505,95.19565075102334,0.48256690952530507,49.65,Moderate,718
8025,17.6,78.32,554.0,0.328,30.138495545231883,93.35575399666972,0.4013849554523189,49.64,Moderate,719
7417,17.57,78.28,538.0,0.319,31.091076658661166,91.09139350189628,0.41091076658661163,49.62,Moderate,720
2793,17.335,78.66,491.0,1.085,58.57405365410144,79.76975306497205,0.6857405365410144,49.61,Moderate,721
6585,17.525,78.62,523.0,0.493,49.57690153848618,82.78991418004858,0.5957690153848618,49.6,Moderate,722
6209,17.51,78.24,530.0,0.232,34.16506084329413,88.20857891828378,0.4416506084329413,49.57,Moderate,723
7441,17.57,78.4,607.0,0.553,43.264112024006494,95.19565075102334,0.5326411202400649,49.54,Moderate,724
5809,17.49,78.24,541.0,0.205,36.50077268954209,88.20857891828378,0.4650077268954209,49.54,Moderate,725
1993,17.295,78.66,520.0,0.331,52.88146239390261,79.76975306497205,0.6288146239390261,49.5,Moderate,726
1385,17.265,78.62,526.0,0.739,54.377156879447796,82.78991418004858,0.6437715687944779,49.48,Moderate,727
881,17.24,78.6,541.0,0.544,51.106498880837016,84.40458373703939,0.6110649888083701,49.47,Moderate,728
7657,17.58,78.48,608.0,0.291,43.96664146373996,93.00002243586103,0.5396664146373995,49.45,Moderate,729
7561,17.575,78.5,609.0,0.211,45.33062334358649,91.88972444162191,0.5533062334358649,49.4,Moderate,730
4209,17.41,78.24,553.0,0.413,42.88499898762848,88.20857891828378,0.5288499898762847,49.38,Moderate,731
6873,17.54,78.56,599.0,0.217,52.74665541667945,87.63791736654338,0.6274665541667945,49.38,Moderate,732
7753,17.585,78.46,619.0,0.164,42.2780370171339,93.90595639097702,0.5227803701713389,49.34,Moderate,733
7209,17.56,78.24,517.0,0.107,28.17194084497305,88.20857891828378,0.3817194084497305,49.33,Moderate,734
4713,17.435,78.26,586.0,0.305,45.96018033679252,89.71014759052329,0.5596018033679252,49.33,Moderate,735
5313,17.465,78.26,561.0,0.515,43.08405207849438,89.71014759052329,0.5308405207849438,49.32,Moderate,736
7537,17.575,78.38,607.0,0.402,40.351296520856906,95.11287515155512,0.503512965208569,49.29,Moderate,737
8049,17.6,78.44,608.0,0.168,37.80475059157705,94.58438383159046,0.47804750591577044,49.28,Moderate,738
7465,17.57,78.52,595.0,0.317,46.31574084522176,90.60342545155716,0.5631574084522176,49.28,Moderate,739
6409,17.52,78.24,526.0,0.258,32.95895494989947,88.20857891828378,0.42958954949899475,49.25,Moderate,740
121,17.205,78.3,566.0,0.282,34.101710261604374,92.3170321271748,0.44101710261604377,49.24,Moderate,741
7265,17.56,78.52,602.0,0.391,49.26487830801896,90.60342545155716,0.5926487830801895,49.21,Moderate,742
6289,17.51,78.64,523.0,0.352,49.842882138077535,81.23170222284651,0.5984288213807754,49.11,Moderate,743
49,17.2,78.44,624.0,0.413,45.783193440613644,94.58438383159046,0.5578319344061364,49.08,Moderate,744
6009,17.5,78.24,535.0,0.286,35.35016202017532,88.20857891828378,0.45350162020175316,49.04,Moderate,745
1017,17.25,78.28,560.0,0.516,39.005065571029164,91.09139350189628,0.4900506557102917,49.01,Moderate,746
6769,17.535,78.54,596.0,0.697,55.83476792416854,89.17398453065434,0.6583476792416854,48.96,Moderate,747
7625,17.58,78.32,555.0,0.591,33.582882727606105,93.35575399666972,0.4358288272760611,48.95,Moderate,748
1793,17.285,78.66,497.0,0.647,51.12415927640498,79.76975306497205,0.6112415927640498,48.86,Moderate,749
2193,17.305,78.66,496.0,0.864,54.52612610071333,79.76975306497205,0.6452612610071333,48.82,Moderate,750
2097,17.3,78.68,491.0,0.465,49.43332596731329,78.44141283104987,0.5943332596731329,48.81,Moderate,751
5793,17.485,78.66,505.0,0.536,51.12415927640562,79.76975306497205,0.6112415927640562,48.78,Moderate,752
7361,17.565,78.5,607.0,0.486,48.270059337295116,91.88972444162191,0.5827005933729512,48.74,Moderate,753
225,17.21,78.32,585.0,0.385,37.35926716858526,93.35575399666972,0.4735926716858527,48.72,Moderate,754
7633,17.58,78.36,596.0,0.415,37.42142272624574,94.77176177495001,0.4742142272624574,48.72,Moderate,755
7833,17.59,78.36,583.0,0.492,35.28774224830869,94.77176177495001,0.4528774224830869,48.68,Moderate,756
5409,17.47,78.24,547.0,0.341,38.643515080108315,88.20857891828378,0.4864351508010832,48.65,Moderate,757
4913,17.445,78.26,577.0,0.471,45.120375616954604,89.71014759052329,0.5512037561695461,48.63,Moderate,758
5209,17.46,78.24,554.0,0.309,39.608425235156716,88.20857891828378,0.49608425235156717,48.49,Moderate,759
913,17.245,78.26,555.0,0.245,35.1902915701676,89.71014759052329,0.45190291570167607,48.46,Moderate,760
7337,17.565,78.38,598.0,0.777,42.808170309319436,95.11287515155512,0.5280817030931944,48.43,Moderate,761
7313,17.565,78.26,534.0,0.249,29.661160781914365,89.71014759052329,0.3966116078191436,48.38,Moderate,762
7457,17.57,78.48,596.0,0.764,46.85342378886394,93.00002243586103,0.5685342378886394,48.35,Moderate,763
2913,17.345,78.26,574.0,0.638,46.664680298093245,89.71014759052329,0.5666468029809325,48.35,Moderate,764
73,17.2,78.56,554.0,0.522,44.25050602523575,87.63791736654338,0.5425050602523575,48.31,Moderate,765
585,17.225,78.62,518.0,0.435,44.76061495423826,82.78991418004858,0.5476061495423825,48.31,Moderate,766
7473,17.57,78.56,572.0,0.255,44.2505060252367,87.63791736654338,0.5425050602523671,48.28,Moderate,767
8057,17.6,78.48,604.0,0.174,38.59759673388665,93.00002243586103,0.48597596733886644,48.27,Moderate,768
2713,17.335,78.26,586.0,0.435,45.96018033679225,89.71014759052329,0.5596018033679224,48.19,Moderate,769
7513,17.575,78.26,527.0,0.311,28.365835658655598,89.71014759052329,0.38365835658655595,48.1,Moderate,770
8041,17.6,78.4,608.0,0.279,35.93856917877302,95.19565075102334,0.45938569178773014,48.08,Moderate,771
7409,17.57,78.24,516.0,0.204,27.038247508768563,88.20857891828378,0.3703824750876856,48.03,Moderate,772
7929,17.595,78.34,573.0,0.497,32.64855435047927,94.18102451020036,0.4264855435047927,47.9,Moderate,773
7737,17.585,78.38,611.0,0.37,37.99622043554442,95.11287515155512,0.47996220435544423,47.84,Moderate,774
7953,17.595,78.46,601.0,0.466,39.62056017981706,93.90595639097702,0.49620560179817064,47.7,Moderate,775
7273,17.56,78.56,574.0,0.454,47.00515147817873,87.63791736654338,0.5700515147817873,47.67,Moderate,776
329,17.215,78.34,580.0,0.911,40.80720905249707,94.18102451020036,0.5080720905249707,47.5,Moderate,777
6577,17.525,78.58,570.0,0.783,54.9732257416579,86.0344634604297,0.6497322574165789,47.45,Moderate,778
7761,17.585,78.5,615.0,0.183,42.51297945581396,91.88972444162191,0.5251297945581396,47.41,Moderate,779
417,17.22,78.28,571.0,0.265,34.168434190848885,91.09139350189628,0.4416843419084889,47.3,Moderate,780
3905,17.395,78.22,549.0,0.271,38.97294429822086,86.62504570746498,0.4897294429822086,47.28,Moderate,781
1289,17.26,78.64,516.0,0.669,49.842882138077535,81.23170222284651,0.5984288213807754,47.25,Moderate,782
7569,17.575,78.54,581.0,0.447,44.06497594532202,89.17398453065434,0.5406497594532202,47.14,Moderate,783
7729,17.585,78.34,579.0,0.604,34.55349168967813,94.18102451020036,0.4455349168967813,47.14,Moderate,784
2497,17.32,78.68,480.0,0.978,52.115136322411196,78.44141283104987,0.6211513632241119,47.12,Moderate,785
6673,17.53,78.56,591.0,0.765,55.686521622541676,87.63791736654338,0.6568652162254167,47.11,Moderate,786
2513,17.325,78.26,585.0,0.529,45.12037561695429,89.71014759052329,0.5512037561695429,47.06,Moderate,787
6489,17.52,78.64,525.0,0.428,47.65013118188659,81.23170222284651,0.576501311818866,47.06,Moderate,788
5993,17.495,78.66,511.0,0.536,49.276564623925225,79.76975306497205,0.5927656462392522,47.05,Moderate,789
793,17.235,78.66,489.0,0.411,41.428999509175455,79.76975306497205,0.5142899950917545,47.05,Moderate,790
1697,17.28,78.68,479.0,0.669,46.312734678396886,78.44141283104987,0.5631273467839688,47.01,Moderate,791
985,17.245,78.62,557.0,0.277,49.57690153848533,82.78991418004858,0.5957690153848533,47.0,Moderate,792
7937,17.595,78.38,614.0,0.294,35.75588609202454,95.11287515155512,0.45755886092024545,46.97,Moderate,793
6977,17.545,78.58,596.0,0.126,49.40527423928365,86.0344634604297,0.5940527423928365,46.96,Moderate,794
81,17.2,78.6,536.0,0.316,40.957818976567054,84.40458373703939,0.5095781897656706,46.96,Moderate,795
7169,17.555,78.54,601.0,0.503,49.79709386045706,89.17398453065434,0.5979709386045706,46.92,Moderate,796
25,17.2,78.32,583.0,0.509,35.43483154518089,93.35575399666972,0.4543483154518089,46.91,Moderate,797
7665,17.58,78.52,602.0,0.356,43.47768714746654,90.60342545155716,0.5347768714746653,46.57,Moderate,798
7609,17.58,78.24,518.0,0.281,25.947256462903965,88.20857891828378,0.35947256462903965,46.53,Moderate,799
7705,17.585,78.22,510.0,0.084,23.841228817877948,86.62504570746498,0.33841228817877944,46.36,Moderate,800
7433,17.57,78.36,592.0,0.878,39.65591604544129,94.77176177495001,0.49655916045441295,46.32,Moderate,801
217,17.21,78.28,570.0,0.313,32.606442277035896,91.09139350189628,0.42606442277035894,46.21,Moderate,802
1497,17.27,78.68,455.0,1.03,44.637038314910384,78.44141283104987,0.5463703831491038,46.15,Moderate,803
7369,17.565,78.54,588.0,0.619,46.88175407355723,89.17398453065434,0.5688175407355723,46.13,Moderate,804
385,17.215,78.62,520.0,0.532,42.40391464751448,82.78991418004858,0.5240391464751448,45.99,Moderate,805
129,17.205,78.34,603.0,0.612,38.645051958536826,94.18102451020036,0.4864505195853682,45.98,Moderate,806
6777,17.535,78.58,576.0,0.699,52.17772804583454,86.0344634604297,0.6217772804583455,45.97,Moderate,807
713,17.235,78.26,561.0,0.369,33.77829860449644,89.71014759052329,0.43778298604496435,45.86,Moderate,808
1313,17.265,78.26,560.0,0.63,37.993277107706675,89.71014759052329,0.4799327710770667,45.84,Moderate,809
6937,17.545,78.38,611.0,1.178,47.96115917397915,95.11287515155512,0.5796115917397915,45.81,Moderate,810
7769,17.585,78.54,600.0,0.155,41.36490773726426,89.17398453065434,0.5136490773726426,45.81,Moderate,811
5009,17.45,78.24,559.0,0.593,40.48497017605044,88.20857891828378,0.5048497017605044,45.78,Moderate,812
4609,17.43,78.24,582.0,0.349,41.925906054790865,88.20857891828378,0.5192590605479086,45.62,Moderate,813
7073,17.55,78.56,586.0,0.672,49.84455463656005,87.63791736654338,0.5984455463656004,45.61,Moderate,814
7529,17.575,78.34,588.0,0.765,36.5559929612149,94.18102451020036,0.4655599296121489,45.55,Moderate,815
17,17.2,78.28,563.0,0.407,31.09107665866064,91.09139350189628,0.4109107665866064,45.53,Moderate,816
1393,17.265,78.66,479.0,1.08,47.36125498869235,79.76975306497205,0.5736125498869236,45.51,Moderate,817
7961,17.595,78.5,607.0,0.367,39.83261409141935,91.88972444162191,0.49832614091419347,45.48,Moderate,818
1913,17.295,78.26,586.0,0.508,41.91548774522258,89.71014759052329,0.5191548774522258,45.48,Moderate,819
7577,17.575,78.58,563.0,0.329,41.46200349076447,86.0344634604297,0.5146200349076446,45.48,Moderate,820
3705,17.385,78.22,552.0,0.436,39.0329516368859,86.62504570746498,0.49032951636885896,45.46,Moderate,821
4313,17.415,78.26,578.0,0.944,47.22368926547286,89.71014759052329,0.5722368926547285,45.41,Moderate,822
7905,17.595,78.22,510.0,0.142,22.97989994798269,86.62504570746498,0.32979899947982694,45.41,Moderate,823
1185,17.255,78.62,541.0,0.84,51.99141554900838,82.78991418004858,0.6199141554900838,45.39,Moderate,824
8065,17.6,78.52,579.0,0.541,38.19927141228675,90.60342545155716,0.4819927141228674,45.29,Moderate,825
6505,17.525,78.22,530.0,0.248,29.723220502914174,86.62504570746498,0.39723220502914175,45.27,Moderate,826
809,17.24,78.24,558.0,0.164,31.744818607255002,88.20857891828378,0.41744818607255,45.23,Moderate,827
7617,17.58,78.28,542.0,0.674,29.632789599840265,91.09139350189628,0.3963278959984027,45.22,Moderate,828
6305,17.515,78.22,535.0,0.244,30.751346812749595,86.62504570746498,0.40751346812749595,45.17,Moderate,829
7777,17.585,78.58,558.0,0.299,39.0037453287299,86.0344634604297,0.490037453287299,45.15,Moderate,830
1593,17.275,78.66,505.0,0.846,49.27656462392456,79.76975306497205,0.5927656462392455,45.11,Moderate,831
7377,17.565,78.58,570.0,0.416,44.02651938103362,86.0344634604297,0.5402651938103362,45.1,Moderate,832
1897,17.29,78.68,467.0,1.161,47.918172915889535,78.44141283104987,0.5791817291588954,45.09,Moderate,833
5497,17.47,78.68,496.0,0.817,49.433325967313806,78.44141283104987,0.5943332596731381,45.05,Moderate,834
7817,17.59,78.28,563.0,0.301,28.240295560182716,91.09139350189628,0.38240295560182713,45.01,Moderate,835
6905,17.545,78.22,525.0,0.244,27.672393325522897,86.62504570746498,0.376723933255229,44.92,Moderate,836
4409,17.42,78.24,564.0,0.76,42.46984543853207,88.20857891828378,0.5246984543853207,44.66,Moderate,837
6105,17.505,78.22,536.0,0.358,31.767221402665584,86.62504570746498,0.41767221402665583,44.55,Moderate,838
7865,17.59,78.52,587.0,0.653,40.767676910149085,90.60342545155716,0.5076767691014908,44.55,Moderate,839
1009,17.25,78.24,555.0,0.371,32.958954949899045,88.20857891828378,0.4295895494989904,44.42,Moderate,840
7809,17.59,78.24,521.0,0.418,24.905487272471348,88.20857891828378,0.34905487272471347,44.39,Moderate,841
1713,17.285,78.26,587.0,0.549,40.66689100331691,89.71014759052329,0.5066689100331692,44.35,Moderate,842
5505,17.475,78.22,554.0,0.286,34.62738673877887,86.62504570746498,0.4462738673877886,44.26,Moderate,843
289,17.21,78.64,514.0,0.413,38.94713933567801,81.23170222284651,0.48947139335678014,44.2,Moderate,844
2809,17.34,78.24,594.0,0.331,41.925906054790666,88.20857891828378,0.5192590605479066,44.19,Moderate,845
2313,17.315,78.26,603.0,0.529,44.1571997945634,89.71014759052329,0.541571997945634,44.19,Moderate,846
7505,17.575,78.22,513.0,0.345,24.74667180630819,86.62504570746498,0.3474667180630819,44.12,Moderate,847
7969,17.595,78.54,581.0,0.491,38.79638964390708,89.17398453065434,0.4879638964390708,44.06,Moderate,848
7977,17.595,78.58,554.0,0.352,36.665256045945924,86.0344634604297,0.46665256045945924,44.02,Moderate,849
185,17.205,78.62,534.0,0.423,40.1079837571623,82.78991418004858,0.501079837571623,43.92,Moderate,850
6193,17.505,78.66,517.0,0.691,47.36125498869305,79.76975306497205,0.5736125498869304,43.91,Moderate,851
89,17.2,78.64,519.0,0.258,36.88603743691113,81.23170222284651,0.4688603743691113,43.86,Moderate,852
4809,17.44,78.24,577.0,0.594,41.26110306558115,88.20857891828378,0.5126110306558115,43.79,Moderate,853
7281,17.56,78.6,580.0,0.157,43.40237798523607,84.40458373703939,0.5340237798523608,43.79,Moderate,854
8017,17.6,78.28,553.0,0.516,26.920562779122367,91.09139350189628,0.3692056277912237,43.77,Moderate,855
4305,17.415,78.22,573.0,0.285,38.49824819637289,86.62504570746498,0.48498248196372895,43.74,Moderate,856
5705,17.485,78.22,556.0,0.271,33.71688155432413,86.62504570746498,0.4371688155432414,43.67,Moderate,857
1513,17.275,78.26,571.0,0.791,39.35414043656529,89.71014759052329,0.4935414043656529,43.67,Moderate,858
7713,17.585,78.26,533.0,0.661,27.124180822816346,89.71014759052329,0.37124180822816344,43.59,Moderate,859
6705,17.535,78.22,533.0,0.342,28.69356307028665,86.62504570746498,0.3869356307028665,43.52,Moderate,860
1089,17.25,78.64,542.0,0.577,47.65013118188581,81.23170222284651,0.5765013118188581,43.5,Moderate,861
6785,17.535,78.62,536.0,0.855,47.15879174659076,82.78991418004858,0.5715879174659075,43.46,Moderate,862
3209,17.36,78.24,567.0,0.878,42.88499898762835,88.20857891828378,0.5288499898762835,43.44,Moderate,863
7105,17.555,78.22,532.0,0.251,26.66888471916191,86.62504570746498,0.3666888471916191,43.42,Moderate,864
2609,17.33,78.24,589.0,0.463,41.2611030655809,88.20857891828378,0.5126110306558089,43.35,Moderate,865
2113,17.305,78.26,589.0,0.781,43.08405207849398,89.71014759052329,0.5308405207849398,43.28,Moderate,866
7673,17.58,78.56,577.0,0.596,41.59961849885072,87.63791736654338,0.5159961849885072,43.26,Moderate,867
7177,17.555,78.58,578.0,0.671,46.680770042132984,86.0344634604297,0.5668077004213299,43.15,Moderate,868
8009,17.6,78.24,523.0,0.496,23.91815309957196,88.20857891828378,0.33918153099571957,42.94,Moderate,869
5801,17.49,78.2,549.0,0.048,30.28256862798728,85.0,0.4028256862798728,42.86,Moderate,870
113,17.205,78.26,580.0,0.191,29.661160781913892,89.71014759052329,0.39661160781913896,42.81,Moderate,871
609,17.23,78.24,559.0,0.355,30.534896392634195,88.20857891828378,0.40534896392634195,42.8,Moderate,872
513,17.225,78.26,569.0,0.516,32.377945000790916,89.71014759052329,0.4237794500079091,42.79,Moderate,873
785,17.235,78.62,531.0,1.014,47.1587917465899,82.78991418004858,0.571587917465899,42.72,Moderate,874
1609,17.28,78.24,589.0,0.264,36.50077268954168,88.20857891828378,0.4650077268954168,42.67,Moderate,875
8033,17.6,78.36,596.0,0.868,33.26555185406144,94.77176177495001,0.4326555185406144,42.62,Moderate,876
1105,17.255,78.22,558.0,0.191,30.75134681274923,86.62504570746498,0.4075134681274923,42.59,Moderate,877
4505,17.425,78.22,572.0,0.407,38.09060612437854,86.62504570746498,0.48090606124378543,42.59,Moderate,878
689,17.23,78.64,514.0,0.851,43.24309134532142,81.23170222284651,0.5324309134532142,42.54,Moderate,879
313,17.215,78.26,581.0,0.285,31.001810523174534,89.71014759052329,0.4100181052317453,42.53,Moderate,880
4105,17.405,78.22,561.0,0.622,38.793819772600685,86.62504570746498,0.48793819772600683,42.51,Moderate,881
6401,17.52,78.2,537.0,0.132,27.765074328806165,85.0,0.37765074328806164,42.43,Moderate,882
5305,17.465,78.22,565.0,0.384,35.479530467897796,86.62504570746498,0.45479530467897794,42.38,Moderate,883
7385,17.565,78.62,565.0,0.149,40.1079837571631,82.78991418004858,0.501079837571631,42.23,Moderate,884
5905,17.495,78.22,545.0,0.548,32.75959393950994,86.62504570746498,0.42759593939509943,42.19,Moderate,885
6689,17.53,78.64,535.0,0.714,45.44278053310923,81.23170222284651,0.5544278053310923,42.09,Moderate,886
4201,17.41,78.2,556.0,0.297,34.820423055170856,85.0,0.44820423055170855,42.06,Moderate,887
4001,17.4,78.2,556.0,0.31,35.01962161855423,85.0,0.45019621618554234,42.05,Moderate,888
7305,17.565,78.22,518.0,0.562,25.691252390814558,86.62504570746498,0.35691252390814554,42.03,Moderate,889
5697,17.48,78.68,512.0,0.842,47.91817291589008,78.44141283104987,0.5791817291589008,41.94,Moderate,890
7913,17.595,78.26,546.0,0.59,25.943020694327714,89.71014759052329,0.3594302069432771,41.9,Moderate,891
7481,17.57,78.6,589.0,0.107,40.957818976567914,84.40458373703939,0.5095781897656791,41.79,Moderate,892
3401,17.37,78.2,572.0,0.104,35.01962161855417,85.0,0.45019621618554173,41.75,Moderate,893
8001,17.6,78.2,509.0,0.259,21.33894831349006,85.0,0.3133894831349006,41.73,Moderate,894
1809,17.29,78.24,593.0,0.375,37.60314087826596,88.20857891828378,0.4760314087826596,41.73,Moderate,895
7985,17.595,78.62,551.0,0.055,33.74047968878517,82.78991418004858,0.4374047968878517,41.66,Moderate,896
7785,17.585,78.62,553.0,0.164,35.763276502887706,82.78991418004858,0.45763276502887706,41.47,Moderate,897
1409,17.27,78.24,583.0,0.443,35.350162020174906,88.20857891828378,0.45350162020174906,41.31,Moderate,898
3505,17.375,78.22,564.0,0.726,38.97294429822081,86.62504570746498,0.4897294429822081,41.29,Moderate,899
7873,17.59,78.56,589.0,0.499,39.06833012324129,87.63791736654338,0.4906833012324129,41.24,Moderate,900
5105,17.455,78.22,567.0,0.539,36.26209422637435,86.62504570746498,0.4626209422637435,41.15,Moderate,901
7185,17.555,78.62,561.0,0.475,42.40391464751531,82.78991418004858,0.524039146475153,41.07,Moderate,902
4705,17.435,78.22,587.0,0.333,37.57686870565528,86.62504570746498,0.4757686870565528,40.99,Moderate,903
3009,17.35,78.24,590.0,0.791,42.46984543853207,88.20857891828378,0.5246984543853207,40.95,Moderate,904
1297,17.26,78.68,469.0,1.331,42.9111115654604,78.44141283104987,0.529111115654604,40.77,Moderate,905
7585,17.575,78.62,557.0,0.309,37.8896735811267,82.78991418004858,0.47889673581126696,40.75,Moderate,906
5601,17.48,78.2,554.0,0.259,31.06612267698584,85.0,0.41066122676985845,40.74,Moderate,907
1097,17.25,78.68,488.0,0.959,41.154594514689414,78.44141283104987,0.5115459451468941,40.63,Moderate,908
6297,17.51,78.68,536.0,0.35,42.9111115654604,78.44141283104987,0.529111115654604,40.54,Moderate,909
6593,17.525,78.66,551.0,0.337,43.41627014442673,79.76975306497205,0.5341627014442674,40.52,Moderate,910
4401,17.42,78.2,556.0,0.471,34.52533539963258,85.0,0.4452533539963258,40.38,Moderate,911
889,17.24,78.64,534.0,0.929,45.44278053310845,81.23170222284651,0.5544278053310845,40.33,Moderate,912
6497,17.52,78.68,544.0,0.185,41.15459451469005,78.44141283104987,0.5115459451469004,40.04,Moderate,913
7201,17.56,78.2,529.0,0.327,24.362504912439807,85.0,0.34362504912439806,40.03,Moderate,914
7001,17.55,78.2,533.0,0.332,25.193118885220635,85.0,0.3519311888522063,39.88,Moderate,915
897,17.24,78.68,467.0,1.258,39.38638228764212,78.44141283104987,0.49386382287642117,39.88,Moderate,916
2905,17.345,78.22,600.0,0.296,38.09060612437839,86.62504570746498,0.4809060612437839,39.86,Moderate,917
1305,17.265,78.22,567.0,0.426,31.767221402665218,86.62504570746498,0.4176722140266522,39.85,Moderate,918
2209,17.31,78.24,619.0,0.32,39.6084252351564,88.20857891828378,0.496084252351564,39.8,Moderate,919
6985,17.545,78.62,550.0,0.927,44.76061495423826,82.78991418004858,0.5476061495423825,39.75,Moderate,920
1209,17.26,78.24,572.0,0.726,34.16506084329413,88.20857891828378,0.4416506084329413,39.66,Moderate,921
905,17.245,78.22,562.0,0.409,29.723220502913804,86.62504570746498,0.39723220502913803,39.62,Moderate,922
409,17.22,78.24,570.0,0.485,29.34051679946321,88.20857891828378,0.3934051679946321,39.59,Moderate,923
4905,17.445,78.22,583.0,0.53,36.964463975065314,86.62504570746498,0.4696446397506532,39.47,Moderate,924
6889,17.54,78.64,551.0,0.658,43.243091345322206,81.23170222284651,0.532430913453222,39.35,Moderate,925
5401,17.47,78.2,559.0,0.412,31.805611920838505,85.0,0.41805611920838504,39.11,Moderate,926
7801,17.59,78.2,514.0,0.551,22.040737150289928,85.0,0.3204073715028993,38.86,Moderate,927
8081,17.6,78.6,548.0,0.67,34.230025266998965,84.40458373703939,0.4423002526699896,38.82,Moderate,928
6393,17.515,78.66,534.0,0.901,45.40058566541573,79.76975306497205,0.5540058566541574,38.81,Moderate,929
6601,17.53,78.2,545.0,0.378,26.90207641481882,85.0,0.3690207641481882,38.76,Moderate,930
393,17.215,78.66,525.0,0.587,37.52130778033495,79.76975306497205,0.47521307780334954,38.74,Moderate,931
6001,17.5,78.2,555.0,0.394,29.4647242289697,85.0,0.39464724228969705,38.61,Moderate,932
209,17.21,78.24,576.0,0.449,28.171940844972646,88.20857891828378,0.3817194084497264,38.51,Moderate,933
6801,17.54,78.2,541.0,0.447,26.04207386763303,85.0,0.3604207386763303,38.24,Moderate,934
3601,17.38,78.2,575.0,0.47,35.11997038951449,85.0,0.45119970389514497,38.18,Moderate,935
3105,17.355,78.22,598.0,0.542,38.49824819637277,86.62504570746498,0.4849824819637277,38.17,Moderate,936
4601,17.43,78.2,562.0,0.61,34.13870785458936,85.0,0.44138707854589365,38.16,Moderate,937
2409,17.32,78.24,598.0,0.881,40.484970176050126,88.20857891828378,0.5048497017605014,38.09,Moderate,938
193,17.205,78.66,533.0,0.448,35.63444720260031,79.76975306497205,0.45634447202600315,37.95,Moderate,939
5001,17.45,78.2,584.0,0.244,33.114502735389586,85.0,0.43114502735389587,37.95,Moderate,940
2009,17.3,78.24,602.0,0.735,38.64351508010796,88.20857891828378,0.48643515080107963,37.9,Moderate,941
3305,17.365,78.22,579.0,0.883,38.7938197726006,86.62504570746498,0.48793819772600605,37.83,Moderate,942
6201,17.51,78.2,547.0,0.557,28.622364266920307,85.0,0.38622364266920306,37.8,Moderate,943
8073,17.6,78.56,570.0,1.043,36.6693078276555,87.63791736654338,0.46669307827655504,37.74,Moderate,944
593,17.225,78.66,516.0,0.967,39.45811037355679,79.76975306497205,0.49458110373556796,37.58,Moderate,945
7881,17.59,78.6,561.0,0.748,36.35899310146439,84.40458373703939,0.4635899310146439,37.5,Moderate,946
3801,17.39,78.2,568.0,0.68,35.11997038951451,85.0,0.45119970389514513,37.26,Moderate,947
1505,17.275,78.22,574.0,0.677,32.75959393950959,86.62504570746498,0.42759593939509594,37.22,Moderate,948
1193,17.255,78.66,535.0,1.088,45.400585665415036,79.76975306497205,0.5540058566541504,37.03,Moderate,949
7089,17.55,78.64,552.0,0.796,41.071659293357555,81.23170222284651,0.5107165929335755,36.89,Moderate,950
7081,17.55,78.6,587.0,0.996,45.92215364734484,84.40458373703939,0.5592215364734484,36.76,Moderate,951
7681,17.58,78.6,577.0,0.724,38.605338015117184,84.40458373703939,0.48605338015117183,36.75,Moderate,952
5897,17.49,78.68,526.0,1.138,46.31273467839747,78.44141283104987,0.5631273467839747,36.66,Moderate,953
8089,17.6,78.64,554.0,0.226,31.213575311786325,81.23170222284651,0.4121357531178632,36.61,Moderate,954
3201,17.36,78.2,571.0,0.698,34.820423055170764,85.0,0.44820423055170766,36.55,Moderate,955
7393,17.565,78.66,572.0,0.047,35.63444720260097,79.76975306497205,0.45634447202600964,36.32,Moderate,956
9,17.2,78.24,585.0,0.517,27.038247508768173,88.20857891828378,0.37038247508768174,36.15,Moderate,957
705,17.235,78.22,573.0,0.582,28.693563070286284,86.62504570746498,0.38693563070286285,36.12,Moderate,958
4801,17.44,78.2,571.0,0.68,33.66617147399545,85.0,0.4366617147399545,36.12,Moderate,959
6681,17.53,78.6,545.0,2.016,51.10649888083794,84.40458373703939,0.6110649888083795,35.99,Moderate,960
993,17.245,78.66,512.0,1.437,43.416270144426036,79.76975306497205,0.5341627014442603,35.99,Moderate,961
5201,17.46,78.2,570.0,0.652,32.4914619541046,85.0,0.42491461954104603,35.9,Moderate,962
1001,17.25,78.2,567.0,0.43,27.765074328805866,85.0,0.37765074328805864,35.83,Moderate,963
6697,17.53,78.68,543.0,0.582,39.38638228764275,78.44141283104987,0.4938638228764275,35.77,Moderate,964
801,17.24,78.2,566.0,0.414,26.902076414818517,85.0,0.3690207641481852,35.67,Moderate,965
2105,17.305,78.22,615.0,0.438,35.479530467897504,86.62504570746498,0.45479530467897505,35.29,Moderate,966
2305,17.315,78.22,622.0,0.382,36.26209422637409,86.62504570746498,0.46262094226374084,35.26,Moderate,967
105,17.205,78.22,597.0,0.151,25.691252390814213,86.62504570746498,0.35691252390814215,35.2,Moderate,968
2801,17.34,78.2,605.0,0.309,34.138707854589214,85.0,0.4413870785458921,35.13,Moderate,969
1905,17.295,78.22,605.0,0.571,34.62738673877887,86.62504570746498,0.4462738673877886,35.01,Moderate,970
1801,17.29,78.2,601.0,0.213,31.066122676985568,85.0,0.41066122676985567,34.93,Moderate,971
497,17.22,78.68,536.0,0.605,35.88486791505429,78.44141283104987,0.45884867915054295,34.71,Moderate,972
7489,17.57,78.64,579.0,0.401,36.886037436911835,81.23170222284651,0.4688603743691184,34.66,Moderate,973
2505,17.325,78.22,629.0,0.409,36.96446397506509,86.62504570746498,0.46964463975065085,34.45,Moderate,974
2705,17.335,78.22,609.0,0.767,37.57686870565509,86.62504570746498,0.47576868705655084,34.26,Moderate,975
297,17.21,78.68,539.0,0.514,34.183007738079525,78.44141283104987,0.44183007738079527,34.25,Moderate,976
1705,17.285,78.22,593.0,0.805,33.716881554323805,86.62504570746498,0.43716881554323805,34.07,Moderate,977
401,17.22,78.2,582.0,0.292,25.19311888522033,85.0,0.3519311888522033,33.75,Moderate,978
7601,17.58,78.2,530.0,0.941,22.781217940315344,85.0,0.32781217940315344,33.69,Moderate,979
7289,17.56,78.64,574.0,0.71,38.947139335678756,81.23170222284651,0.4894713933567875,33.65,Moderate,980
305,17.215,78.22,598.0,0.401,26.668884719161564,86.62504570746498,0.36668884719161565,33.37,Moderate,981
7401,17.57,78.2,545.0,0.796,23.556685211733694,85.0,0.33556685211733694,33.37,Moderate,982
505,17.225,78.22,583.0,0.688,27.672393325522897,86.62504570746498,0.376723933255229,33.34,Moderate,983
2601,17.33,78.2,604.0,0.525,33.66617147399527,85.0,0.43666171473995274,33.12,Moderate,984
6097,17.5,78.68,552.0,1.057,44.637038314910995,78.44141283104987,0.5463703831491099,33.08,Moderate,985
1601,17.28,78.2,597.0,0.461,30.28256862798699,85.0,0.4028256862798699,32.88,Moderate,986
601,17.23,78.2,583.0,0.433,26.042073867632723,85.0,0.36042073867632723,32.81,Moderate,987
2001,17.3,78.2,605.0,0.458,31.805611920838253,85.0,0.41805611920838254,32.62,Moderate,988
1,17.2,78.2,593.0,0.188,23.556685211733416,85.0,0.33556685211733417,32.38,Moderate,989
6881,17.54,78.6,615.0,1.226,48.49756915082711,84.40458373703939,0.5849756915082711,32.35,Moderate,990
2201,17.31,78.2,618.0,0.335,32.491461954104366,85.0,0.4249146195410436,32.34,Moderate,991
2401,17.32,78.2,618.0,0.413,33.11450273538937,85.0,0.4311450273538937,31.97,Moderate,992
3001,17.35,78.2,592.0,0.895,34.52533539963258,85.0,0.4452533539963258,31.88,Moderate,993
201,17.21,78.2,590.0,0.348,24.362504912439515,85.0,0.3436250491243952,31.78,Moderate,994
1401,17.27,78.2,590.0,0.668,29.46472422896941,85.0,0.39464724228969406,31.56,Moderate,995
1201,17.26,78.2,581.0,0.774,28.622364266920307,85.0,0.38622364266920306,31.39,Moderate,996
8097,17.6,78.68,542.0,0.435,27.98798726261833,78.44141283104987,0.3798798726261833,31.38,Moderate,997
7497,17.57,78.68,575.0,0.208,32.53194899913048,78.44141283104987,0.42531948999130476,31.33,Moderate,998
7593,17.575,78.66,576.0,0.474,33.81137751093938,79.76975306497205,0.4381137751093938,31.1,Moderate,999
7889,17.59,78.64,558.0,0.924,33.00859013060267,81.23170222284651,0.43008590130602675,30.85,Moderate,1000
7689,17.58,78.64,588.0,0.659,34.9025700878865,81.23170222284651,0.449025700878865,30.19,Moderate,1001
6793,17.535,78.66,545.0,1.628,41.428999509176165,79.76975306497205,0.5142899950917617,28.93,Moderate,1002
7297,17.56,78.68,585.0,0.428,34.18300773808012,78.44141283104987,0.44183007738080127,28.92,Moderate,1003
7097,17.55,78.68,587.0,0.534,35.884867915054905,78.44141283104987,0.45884867915054905,28.59,Moderate,1004
7993,17.595,78.66,558.0,0.846,30.401453275965714,79.76975306497205,0.40401453275965715,28.46,Moderate,1005
97,17.2,78.68,553.0,0.9,32.53194899912991,78.44141283104987,0.4253194899912991,28.15,Moderate,1006
7793,17.585,78.66,590.0,0.5,32.06384458806301,79.76975306497205,0.42063844588063015,28.13,Moderate,1007
7193,17.555,78.66,576.0,1.124,37.52130778033563,79.76975306497205,0.4752130778033563,27.27,Moderate,1008
6897,17.54,78.68,566.0,1.189,37.62430732247891,78.44141283104987,0.4762430732247891,26.49,Moderate,1009
697,17.23,78.68,522.0,1.851,37.6243073224783,78.44141283104987,0.476243073224783,26.48,Moderate,1010
6993,17.545,78.66,614.0,0.866,39.45811037355679,79.76975306497205,0.49458110373556796,25.5,Moderate,1011
7897,17.59,78.68,541.0,1.266,29.42589525975516,78.44141283104987,0.3942589525975516,24.93,Low,1012
7697,17.58,78.68,577.0,0.89,30.943079908286983,78.44141283104987,0.40943079908286983,24.26,Low,1013
